-- phpMyAdmin SQL Dump
-- version 4.4.14
-- http://www.phpmyadmin.net
--
-- Host: 127.0.0.1
-- Generation Time: Aug 04, 2017 at 11:40 AM
-- Server version: 5.6.26
-- PHP Version: 5.6.12

SET SQL_MODE = "NO_AUTO_VALUE_ON_ZERO";
SET time_zone = "+00:00";


/*!40101 SET @OLD_CHARACTER_SET_CLIENT=@@CHARACTER_SET_CLIENT */;
/*!40101 SET @OLD_CHARACTER_SET_RESULTS=@@CHARACTER_SET_RESULTS */;
/*!40101 SET @OLD_COLLATION_CONNECTION=@@COLLATION_CONNECTION */;
/*!40101 SET NAMES utf8mb4 */;

--
-- Database: `iavi`
--

DELIMITER $$
--
-- Procedures
--
DROP PROCEDURE IF EXISTS `spLoadDefectHGA`$$
CREATE DEFINER=`root`@`localhost` PROCEDURE `spLoadDefectHGA`(IN `hgaIdParam` BIGINT(20))
    NO SQL
SELECT hgainfo_view.viewId,
	hgadefect.defectId,
    hgadefect.coordinateX,
    hgadefect.coordinateY
FROM hgainfo_view
	INNER JOIN hgadefect on hgadefect.hgainfo_view_id = hgainfo_view.id
WHERE hgainfo_view.hgainfoId = hgaIdParam$$

DROP PROCEDURE IF EXISTS `sp_getCompareResult`$$
CREATE DEFINER=`root`@`localhost` PROCEDURE `sp_getCompareResult`(IN `start_date` VARCHAR(30), IN `end_date` VARCHAR(30))
    NO SQL
SELECT pp.id as PalletId, pp.palletSN, pp.created_at,
    hgainfo.hgainfoId, hgainfo.serialNumber, hgainfo.position, defectVMI.defectName as vmiResult,
    IF(hgainfo.iaviResult='REJECT', GROUP_CONCAT(DISTINCT coalesce(defectIAVI.defectName, '') order by defectIAVI.defectName SEPARATOR ' '), hgainfo.iaviResult) as iaviResult,
    view.name,
    concat('\\\\172.16.53.13\\Images\\', hgainfo_view.imagePath) as imagePath,
    trays.traySN,
    aqtraydata.LotNumber
FROM hgainfo_view
    LEFT JOIN hgadefect on hgadefect.hgainfo_view_id = hgainfo_view.id
    LEFT JOIN defect defectIAVI on defectIAVI.id = hgadefect.defectId
    INNER JOIN hgainfo on hgainfo.hgainfoId = hgainfo_view.hgainfoId
    INNER JOIN defect defectVMI on defectVMI.id = hgainfo.vmiResult
    inner join pallets pp on pp.id=hgainfo.palletId
    LEFT JOIN trays on trays.id = pp.trayId
    LEFT JOIN aqtraydata on aqtraydata.TrayId = trays.id
    INNER JOIN view on view.id = hgainfo_view.viewId
WHERE 
    -- view.name = 'TopABS'
    -- (view.name = 'FortyFive' or view.name = 'TopPZT' or view.name = 'TopAlignment')
    pp.created_at >= start_date
    and pp.created_at <= end_date
    -- and defectIAVI.defectname = 'A1'
GROUP BY PalletId, pp.palletSN, pp.created_at,
    hgainfo.hgainfoId, hgainfo.serialNumber, hgainfo.position, vmiResult, defectVMI.defectName,
    view.name, imagePath
ORDER BY hgainfo.hgainfoId$$

DROP PROCEDURE IF EXISTS `sp_getCompareResultByLot`$$
CREATE DEFINER=`root`@`localhost` PROCEDURE `sp_getCompareResultByLot`(IN `start_date` VARCHAR(30), IN `end_date` VARCHAR(30), IN `lot` VARCHAR(30))
    NO SQL
SELECT pp.id as PalletId, pp.palletSN, pp.created_at,
    hgainfo.hgainfoId, hgainfo.serialNumber, hgainfo.position, defectVMI.defectName as vmiResult,
    IF(hgainfo.iaviResult='REJECT', GROUP_CONCAT(DISTINCT coalesce(defectIAVI.defectName, '') order by defectIAVI.defectName SEPARATOR ' '), hgainfo.iaviResult) as iaviResult,
    view.name,
    concat('\\\\172.16.53.13\\Images\\ImagesBMP\\', hgainfo_view.imagePath) as imagePath,
    trays.traySN,
    trays.isCompleted,
    aqtraydata.LotNumber
FROM hgainfo_view
    LEFT JOIN hgadefect on hgadefect.hgainfo_view_id = hgainfo_view.id
    LEFT JOIN defect defectIAVI on defectIAVI.id = hgadefect.defectId
    INNER JOIN hgainfo on hgainfo.hgainfoId = hgainfo_view.hgainfoId
    INNER JOIN defect defectVMI on defectVMI.id = hgainfo.vmiResult
    inner join pallets pp on pp.id=hgainfo.palletId
    LEFT JOIN trays on trays.id = pp.trayId
    LEFT JOIN aqtraydata on aqtraydata.TrayId = trays.id
    INNER JOIN view on view.id = hgainfo_view.viewId
WHERE 
    -- view.name = 'TopABS'
    -- (view.name = 'FortyFive' or view.name = 'TopPZT' or view.name = 'TopAlignment')
    pp.created_at >= start_date
    and pp.created_at <= end_date
    -- and defectIAVI.defectname = 'A1'
    and (aqtraydata.LotNumber LIKE lot)
GROUP BY PalletId, pp.palletSN, pp.created_at,
    hgainfo.hgainfoId, hgainfo.serialNumber, hgainfo.position, vmiResult, defectVMI.defectName,
    view.name, imagePath
ORDER BY hgainfo.hgainfoId$$

DROP PROCEDURE IF EXISTS `sp_getDefectsOnTray`$$
CREATE DEFINER=`root`@`localhost` PROCEDURE `sp_getDefectsOnTray`(IN `trayIdParam` VARCHAR(20))
    NO SQL
select hgainfo.hgainfoId,
    hgainfo.lineNo,
    hgainfo.palletId,
    hgainfo.position,
    p.palletOrder,
    hgainfo.iaviResult,
    hgainfo.vmiResult,
    hgainfo.serialNumber,
    p.palletSN,
    p.trayId,
    tt.traySN,
    coalesce(GROUP_CONCAT(DISTINCT defect.defectName SEPARATOR ','), '') as defectString
from (
        SELECT id AS trayId, traySN, AQTrayHeader, isCompleted
        FROM trays
        WHERE trays.traySN = trayIdParam
        ORDER BY trays.created_at DESC
        LIMIT 1
    ) tt
    inner join pallets p on p.trayId = tt.trayId
    inner join hgainfo on hgainfo.palletId = p.id
    left join hgainfo_view on hgainfo_view.hgainfoId = hgainfo.hgainfoId
    left join hgadefect on hgadefect.hgainfo_view_id = hgainfo_view.id
    LEFT JOIN defect on defect.id = hgadefect.defectId
GROUP BY hgainfo.hgainfoId,
    hgainfo.lineNo,
    hgainfo.palletId,
    hgainfo.position,
    p.palletOrder,
    hgainfo.iaviResult,
    hgainfo.vmiResult,
    hgainfo.serialNumber,
    p.palletSN,
    p.trayId,
    tt.traySN
ORDER BY p.palletOrder, hgainfo.position, hgainfo_view.viewId$$

DROP PROCEDURE IF EXISTS `sp_getLots`$$
CREATE DEFINER=`root`@`localhost` PROCEDURE `sp_getLots`(IN `start_date` VARCHAR(30), IN `end_date` VARCHAR(30))
    NO SQL
SELECT LotNumber
FROM trays
    INNER JOIN aqtraydata on aqtraydata.TrayId = trays.id
WHERE 
    trays.created_at >= start_date
    and trays.created_at <= end_date
GROUP BY LotNumber
ORDER BY trays.id DESC$$

DROP PROCEDURE IF EXISTS `sp_getOverUnderRejectSummary`$$
CREATE DEFINER=`root`@`localhost` PROCEDURE `sp_getOverUnderRejectSummary`(IN `start_date` VARCHAR(30), IN `end_date` VARCHAR(30), IN `lot` VARCHAR(30))
    NO SQL
SELECT 
    defectVMI,
    defectIAVI,
    SUM(IF(defectVMI = 'Good' AND (defectIAVI is not null), 1, 0)) as OverReject,
    SUM(IF(defectVMI <> 'None' AND defectVMI <> 'Good' AND (defectIAVI is null), 1, 0)) as UnderReject,
    SUM(IF(defectVMI = 'None' AND (defectIAVI is not null), 1, 0)) as UnknownReject,
    SUM(IF( (defectVMI <> 'None' AND defectVMI <> 'Good' and defectIAVI is not null) or
        ((defectVMI = 'None' or defectVMI = 'Good') and defectIAVI is null), 1, 0)) as MatchAtleast,
    Total
FROM  (SELECT 
        trays.id,
        trays.traySN,
        trays.created_at,
        pallets.palletSN,
        pallets.palletOrder,
        hgainfo.position,
        hgainfo.hgainfoId,
        hgainfo.serialNumber,
        defectVMI.defectName as defectVMI,
        defectIAVI.defectName as defectIAVI
    FROM trays
        INNER JOIN pallets on pallets.trayId = trays.id
        INNER JOIN hgainfo on hgainfo.palletId = pallets.id
        LEFT JOIN defect defectIAVI on defectIAVI.id = (
            SELECT  defect.id
            FROM    hgainfo_view
                INNER JOIN hgadefect on hgadefect.hgainfo_view_id = hgainfo_view.id
                INNER JOIN defect on defect.id = hgadefect.defectId
            WHERE   hgainfo_view.hgainfoId = hgainfo.hgainfoId
            ORDER BY defect.priority
            LIMIT 1
        )
        INNER JOIN defect defectVMI on defectVMI.id = hgainfo.vmiResult
    WHERE
        trays.created_at >= start_date AND
        trays.created_at <= end_date AND
        pallets.LotNumber LIKE lot AND
        trays.isCompleted = 1
        -- trays.LotNumber = ''
) t1
CROSS JOIN
(
    SELECT COUNT(*) AS Total 
    FROM trays_hga
    WHERE 
        trays_hga.created_at >= start_date AND
        trays_hga.created_at <= end_date AND
        trays_hga.LotNumber LIKE lot AND
        trays_hga.isCompleted = 1
) t2
GROUP BY defectVMI, defectIAVI$$

DROP PROCEDURE IF EXISTS `sp_getPT`$$
CREATE DEFINER=`root`@`localhost` PROCEDURE `sp_getPT`(IN `start_date` VARCHAR(30), IN `end_date` VARCHAR(30), IN `lot` VARCHAR(30))
    NO SQL
SELECT 
    LotNumber,
    DocControl1 as HGAPN,
    DocControl2 as STR,
    Product
FROM 
    trays
    INNER JOIN aqtraydata on aqtraydata.TrayId = trays.id
    -- pallets
WHERE 
    trays.created_at >= start_date
    and trays.created_at <= end_date
    and LotNumber LIKE lot
GROUP BY LotNumber, HGAPN, STR, Product$$

DROP PROCEDURE IF EXISTS `sp_getSliderAlignment`$$
CREATE DEFINER=`root`@`localhost` PROCEDURE `sp_getSliderAlignment`(IN `start_date` VARCHAR(30), IN `end_date` VARCHAR(30), IN `lot` VARCHAR(30))
    NO SQL
SELECT pallets.id as palletId,
    pallets.palletSN,
    pallets.processdatetime,
    pallets.LotNumber,
    hgainfo.hgainfoId,
    hgainfo.serialNumber,
    hgainfo.position,
    IF(hgainfo.iaviResult='REJECT', GROUP_CONCAT(DISTINCT coalesce(defectIAVI.defectName, '') order by defectIAVI.defectName SEPARATOR ' '), hgainfo.iaviResult) as iaviResult,
    hgainfo.A_Location,
    hgainfo.B_Location,
    hgainfo.Skew,
    hgainfo.Pitch_Offset,
    hgainfo.Roll_Offset
FROM hgainfo
    INNER JOIN pallets on pallets.id = hgainfo.palletId
    INNER JOIN hgainfo_view on hgainfo_view.hgainfoId = hgainfo.hgainfoId
    LEFT JOIN hgadefect on hgadefect.hgainfo_view_id = hgainfo_view.id
    LEFT JOIN defect defectIAVI on defectIAVI.id = hgadefect.defectId
WHERE
    pallets.created_at >= start_date AND
    pallets.created_at <= end_date AND
    pallets.LotNumber LIKE lot 
GROUP BY
    pallets.id,
    pallets.palletSN,
    pallets.processdatetime,
    pallets.LotNumber,
    hgainfo.hgainfoId,
    hgainfo.serialNumber,
    hgainfo.position,
    hgainfo.A_Location,
    hgainfo.B_Location,
    hgainfo.Skew,
    hgainfo.Pitch_Offset,
    hgainfo.Roll_Offset$$

DROP PROCEDURE IF EXISTS `sp_searchPalletId`$$
CREATE DEFINER=`root`@`localhost` PROCEDURE `sp_searchPalletId`(IN `palletIdParam` VARCHAR(20))
    NO SQL
select hgainfo.*,
    hgainfo_view.viewId,
    hgainfo_view.imagePath,
    hgainfo_view.result,
    pp.palletSN,
    pp.isCompleted
from hgainfo
    left join hgainfo_view on hgainfo_view.hgainfoId = hgainfo.hgainfoId
    inner join (
        SELECT *
        FROM pallets
        WHERE pallets.palletSN = palletIdParam
        ORDER BY pallets.created_at DESC
        LIMIT 1
    ) pp on pp.id=hgainfo.palletId$$

DROP PROCEDURE IF EXISTS `sp_searchTrayId`$$
CREATE DEFINER=`root`@`localhost` PROCEDURE `sp_searchTrayId`(IN `trayIdParam` VARCHAR(20))
    NO SQL
select hgainfo.hgainfoId,
	hgainfo.lineNo,
    hgainfo.palletId,
    hgainfo.position,
    hgainfo.processdatetime,
    hgainfo.iaviResult,
    hgainfo.vmiResult,
    hgainfo.serialNumber,
    hgainfo_view.viewId,
    hgainfo_view.imagePath,
    hgainfo_view.result,
    p.palletSN,
    p.palletOrder,
    p.trayId,
    tt.traySN,
    tt.AQTrayHeader,
    tt.isCompleted
from (
        SELECT id AS trayId, traySN, AQTrayHeader, isCompleted
        FROM trays
        WHERE trays.traySN = trayIdParam
        ORDER BY trays.created_at DESC
        LIMIT 1
    ) tt
    inner join (
     	SELECT pallets.id, pallets.palletSN, pallets.palletOrder, pallets.trayId
        FROM pallets
    ) p on p.trayId = tt.trayId
    inner join hgainfo on hgainfo.palletId = p.id
    left join hgainfo_view on hgainfo_view.hgainfoId = hgainfo.hgainfoId
    left join view on view.id = hgainfo_view.viewId
WHERE view.isEnabled = 1 or view.isEnabled is null
ORDER BY p.palletOrder, hgainfo.position, hgainfo_view.viewId$$

DROP PROCEDURE IF EXISTS `sp_searchTrayId_NoPallet`$$
CREATE DEFINER=`root`@`localhost` PROCEDURE `sp_searchTrayId_NoPallet`(IN `trayIdParam` VARCHAR(20))
    NO SQL
select hgainfo.*,
    hgainfo_view.viewId,
    hgainfo_view.imagePath,
    hgainfo_view.result,
    tt.traySN,
    tt.AQTrayHeader,
    tt.isCompleted
from hgainfo
    left join hgainfo_view on hgainfo_view.hgainfoId = hgainfo.hgainfoId
    inner join (
        SELECT *
        FROM trays
        WHERE trays.traySN = trayIdParam
        ORDER BY trays.created_at DESC
        LIMIT 1
    ) tt on tt.id=hgainfo.trayId
    
where tt.traySN = trayIdParam$$

DELIMITER ;

-- --------------------------------------------------------

--
-- Table structure for table `aqtraydata`
--

DROP TABLE IF EXISTS `aqtraydata`;
CREATE TABLE IF NOT EXISTS `aqtraydata` (
  `TrayId` int(11) NOT NULL,
  `Date` varchar(30) NOT NULL,
  `TimeStart` varchar(30) NOT NULL,
  `TimeEnd` varchar(30) NOT NULL,
  `UsedTime` varchar(30) NOT NULL,
  `TesterNumber` varchar(30) NOT NULL,
  `Customer` varchar(30) NOT NULL,
  `Product` varchar(30) NOT NULL,
  `User` varchar(30) NOT NULL,
  `LotNumber` varchar(30) NOT NULL,
  `DocControl1` varchar(30) NOT NULL,
  `DocControl2` varchar(30) NOT NULL,
  `Sus` varchar(30) NOT NULL,
  `AssyLine` varchar(30) NOT NULL
) ENGINE=InnoDB DEFAULT CHARSET=latin1;

--
-- Dumping data for table `aqtraydata`
--

INSERT INTO `aqtraydata` (`TrayId`, `Date`, `TimeStart`, `TimeEnd`, `UsedTime`, `TesterNumber`, `Customer`, `Product`, `User`, `LotNumber`, `DocControl1`, `DocControl2`, `Sus`, `AssyLine`) VALUES
(6, '3/12/2017', '3:55:29 AM', '3:56:29 AM', '01:00', 'AVI001', 'WD', 'TRAILS_C8_SD', '', 'Y3DRG_CB2', 'PN#70632-15-SBB', 'STR#G24960SN', 'MPT-4G', 'B4A101'),
(10, '3/27/2017', '4:53:20 PM', '4:53:37 PM', '00:17', 'iAVI', '', 'SpyGlass', '', '', '', '', '', ''),
(11, '5/8/2017', '4:13:00 PM', '4:13:49 PM', '00:49', 'iAVI', 'WD', 'PALMER_8_SD', '', 'Y2462_BB2', 'PN#70634-E4-B', 'STR#N26110NE-R00', 'HTOM2MR', 'B4A2'),
(12, '5/8/2017', '4:13:00 PM', '4:13:49 PM', '00:49', 'iAVI', 'WD', 'PALMER_8_SD', '', 'Y2462_BB2', 'PN#70634-E4-B', 'STR#N26110NE-R00', 'HTOM2MR', 'B4A2'),
(13, '5/19/2017', '11:32:58 AM', '11:33:13 AM', '00:15', 'iAVI', 'WD', 'PALMER_8_SD', '', 'WYKUA_CB2', 'PN#70634-E4-B', 'STR#N26110NE-R00', 'HTOM2MR', 'B4A2'),
(15, '5/19/2017', '2:19:21 PM', '2:19:59 PM', '00:38', '', '', '', '', '', 'PN#', 'STR#', '', ''),
(16, '5/19/2017', '2:18:43 PM', '2:19:00 PM', '00:17', '', '', 'SPYGLASS_C8_SD', '', 'Y', 'PN#', 'STR#', '', ''),
(17, '6/6/2017', '2:25:44 PM', '2:28:53 PM', '03:09', 'iAVI', 'WD', 'PALMER_8_SD', '', 'WYL47_AB2', 'PN#70634-E4-B', 'STR#N26110NE-R00', 'HTOM2MR', 'B4A2'),
(18, '7/12/2017', '10:41:21 AM', '10:41:36 AM', '00:15', 'iAVI', 'WD', 'PALMER_8_SD', '', 'WYL4Q_A2', 'PN#70857-E2-SA3', 'STR#N26359NE-R00', 'HTOM2MR', 'B4A2');

-- --------------------------------------------------------

--
-- Table structure for table `defect`
--

DROP TABLE IF EXISTS `defect`;
CREATE TABLE IF NOT EXISTS `defect` (
  `id` int(11) NOT NULL,
  `defectName` varchar(20) NOT NULL,
  `priority` int(11) NOT NULL DEFAULT '9999'
) ENGINE=InnoDB AUTO_INCREMENT=62 DEFAULT CHARSET=latin1;

--
-- Dumping data for table `defect`
--

INSERT INTO `defect` (`id`, `defectName`, `priority`) VALUES
(1, 'None', 9999),
(2, 'Good', 9999),
(3, 'A1', 120),
(4, 'T8', 65),
(5, 'T6', 60),
(6, 'J4P', 105),
(7, 'S2', 5),
(8, 'J1O', 75),
(9, 'S3', 10),
(10, 'WO', 25),
(11, 'J4A', 70),
(12, 'OCR', 160),
(13, 'XX', 9999),
(14, 'J4T', 85),
(15, 'J4O', 80),
(16, 'J4S', 90),
(17, 'PB2', 9999),
(18, 'PB3', 40),
(19, 'S3T', 9999),
(20, 'S4', 9999),
(21, 'T2', 125),
(22, 'T2A', 9999),
(23, 'A3', 9999),
(24, 'A5', 145),
(25, 'D1', 150),
(26, 'E1S', 55),
(27, 'E2', 135),
(28, 'E2A', 115),
(29, 'E2F', 15),
(30, 'E4', 110),
(31, 'E5', 9999),
(32, 'E6', 30),
(33, 'E6S', 35),
(34, 'S1', 9999),
(35, 'S2D', 45),
(36, 'SB1', 140),
(37, 'SB2', 9999),
(38, 'J2', 155),
(39, 'JAA', 9999),
(40, 'J4B', 95),
(41, 'J7', 100),
(42, 'J4S', 9999),
(43, 'MIX', 9999),
(44, 'SLD', 9999),
(45, 'LOS', 9999),
(46, 'AD3', 9999),
(47, 'AD4', 9999),
(48, 'OTH', 9999),
(49, 'E1', 50),
(50, 'F2', 130),
(51, 'PS0', 9999),
(52, 'DotSize', 9999),
(53, 'T1', 9999),
(54, 'SUS', 20),
(55, 'VO1', 165),
(56, 'VO2', 170),
(57, 'M3', 9999),
(58, 'M4', 9999),
(59, 'M5', 9999),
(60, 'A2', 9999),
(61, 'A1_Autowipe', 121);

-- --------------------------------------------------------

--
-- Table structure for table `hgadefect`
--

DROP TABLE IF EXISTS `hgadefect`;
CREATE TABLE IF NOT EXISTS `hgadefect` (
  `id` int(11) NOT NULL,
  `hgainfo_view_id` int(11) NOT NULL,
  `defectId` int(20) NOT NULL,
  `coordinateX` double NOT NULL,
  `coordinateY` double NOT NULL
) ENGINE=InnoDB AUTO_INCREMENT=2858 DEFAULT CHARSET=latin1;

--
-- Dumping data for table `hgadefect`
--

INSERT INTO `hgadefect` (`id`, `hgainfo_view_id`, `defectId`, `coordinateX`, `coordinateY`) VALUES
(1, 3, 3, 0.6609, 0.5624),
(2, 106, 3, 0.3206, 0.6737),
(3, 126, 3, 0.4675, 0.6035),
(4, 251, 3, 0.012, 0.023),
(5, 251, 8, 0.012, 0.023),
(6, 254, 9, 0.012, 0.023),
(7, 255, 10, 0.012, 0.023),
(8, 256, 6, 0.012, 0.023),
(9, 256, 11, 0.012, 0.023),
(10, 257, 9, 0.012, 0.023),
(11, 258, 10, 0.012, 0.023),
(12, 259, 11, 0.012, 0.023),
(13, 260, 9, 0.012, 0.023),
(14, 261, 10, 0.012, 0.023),
(15, 262, 6, 0.012, 0.023),
(16, 262, 11, 0.012, 0.023),
(17, 263, 9, 0.012, 0.023),
(18, 264, 10, 0.012, 0.023),
(19, 265, 10, 0.012, 0.023),
(20, 266, 9, 0.012, 0.023),
(21, 267, 10, 0.012, 0.023),
(22, 268, 10, 0.012, 0.023),
(23, 269, 9, 0.012, 0.023),
(24, 270, 10, 0.012, 0.023),
(25, 271, 10, 0.012, 0.023),
(26, 272, 9, 0.012, 0.023),
(27, 273, 10, 0.012, 0.023),
(28, 274, 10, 0.012, 0.023),
(29, 275, 9, 0.012, 0.023),
(30, 276, 10, 0.012, 0.023),
(31, 277, 10, 0.012, 0.023),
(32, 278, 9, 0.012, 0.023),
(33, 279, 10, 0.012, 0.023),
(34, 280, 10, 0.012, 0.023),
(35, 281, 9, 0.012, 0.023),
(36, 282, 10, 0.012, 0.023),
(37, 283, 10, 0.012, 0.023),
(38, 284, 9, 0.012, 0.023),
(39, 285, 10, 0.012, 0.023),
(40, 287, 9, 0.012, 0.023),
(41, 288, 10, 0.012, 0.023),
(42, 290, 9, 0.012, 0.023),
(43, 291, 10, 0.012, 0.023),
(44, 292, 6, 0.012, 0.023),
(45, 293, 9, 0.012, 0.023),
(46, 294, 10, 0.012, 0.023),
(47, 295, 6, 0.012, 0.023),
(48, 296, 9, 0.012, 0.023),
(49, 297, 10, 0.012, 0.023),
(50, 299, 9, 0.012, 0.023),
(51, 300, 10, 0.012, 0.023),
(52, 302, 9, 0.012, 0.023),
(53, 303, 10, 0.012, 0.023),
(54, 305, 9, 0.012, 0.023),
(55, 306, 10, 0.012, 0.023),
(56, 307, 12, 0.012, 0.023),
(57, 308, 9, 0.012, 0.023),
(58, 309, 10, 0.012, 0.023),
(59, 311, 9, 0.012, 0.023),
(60, 312, 10, 0.012, 0.023),
(61, 314, 9, 0.012, 0.023),
(62, 315, 3, 622.391235, 956.1741),
(63, 315, 3, 605.459351, 1314.52954),
(64, 315, 3, 1019.33118, 1022.16925),
(65, 315, 3, 1019.79626, 890.888367),
(66, 315, 3, 637.124, 1443.59961),
(67, 315, 3, 563.452332, 1469.51575),
(68, 315, 3, 851.5847, 1430.72241),
(69, 315, 3, 871.972656, 1321.03711),
(70, 315, 3, 1091.21558, 1229.60608),
(71, 315, 3, 872.2083, 1272.242),
(72, 315, 3, 783.847168, 1511.544),
(73, 315, 3, 1113.496, 1303.58472),
(74, 315, 3, 1536.61, 1522.40259),
(75, 315, 3, 607.8889, 672.313538),
(76, 315, 3, 871.7916, 1367.74146),
(77, 315, 3, 1143.9646, 1405.36292),
(78, 315, 3, 584.4293, 991.482361),
(79, 315, 3, 584.2526, 1031.98218),
(80, 315, 3, 584.6998, 929.482666),
(81, 315, 3, 850.4424, 1466.81641),
(82, 315, 3, 1061.16528, 1129.92163),
(83, 315, 3, 1121.52917, 1330.47351),
(84, 315, 3, 595.9495, 413.9192),
(85, 315, 3, 607.9433, 644.5801),
(86, 315, 3, 1129.15869, 1356.05176),
(87, 315, 3, 583.888245, 1115.48169),
(88, 315, 3, 1081.00879, 1195.22888),
(89, 315, 3, 1053.45789, 1427.18884),
(90, 315, 3, 576.948669, 1436.57129),
(91, 315, 3, 1093.03528, 1427.20764),
(92, 315, 3, 884.0368, 1044.207),
(93, 315, 3, 1396.38855, 468.684448),
(94, 315, 3, 594.585, 747.4778),
(95, 315, 3, 1713.52429, 973.3632),
(96, 315, 3, 1047.82825, 1084.90564),
(97, 315, 3, 584.0584, 1076.48193),
(98, 315, 3, 1329.98132, 1325.74011),
(99, 315, 3, 1053.0647, 1102.02869),
(100, 315, 3, 1415.05481, 468.821472),
(101, 315, 3, 1483.16565, 469.118652),
(102, 315, 3, 1286.24109, 1240.60364),
(103, 315, 3, 1301.77026, 1221.22668),
(104, 315, 3, 727.1886, 875.2286),
(105, 315, 3, 584.8089, 904.4828),
(106, 315, 3, 839.6327, 831.0936),
(107, 315, 3, 874.2875, 795.7443),
(108, 315, 3, 1100.14551, 1258.73633),
(109, 315, 3, 1078.0199, 1185.13879),
(110, 315, 3, 1329.78284, 1371.23987),
(111, 315, 3, 1107.58777, 1284.26917),
(112, 315, 3, 872.4134, 1225.24219),
(113, 315, 3, 933.1295, 930.3601),
(114, 315, 3, 1536.18188, 1509.64233),
(115, 315, 3, 734.4551, 871.468567),
(116, 315, 3, 1136.40747, 1380.22961),
(117, 315, 3, 583.8097, 1133.48169),
(118, 315, 3, 1102.7356, 1266.7478),
(119, 315, 3, 696.757568, 954.8053),
(120, 315, 3, 872.5356, 1197.24231),
(121, 315, 3, 704.9625, 915.5072),
(122, 315, 3, 810.216431, 1499.37463),
(123, 315, 3, 1453.72229, 468.767975),
(124, 315, 3, 578.308167, 423.347656),
(125, 315, 3, 1329.91809, 1340.24),
(126, 315, 3, 872.491943, 1207.24231),
(127, 315, 3, 1084.104, 1205.16553),
(128, 315, 3, 882.2049, 929.280762),
(129, 315, 3, 583.7399, 1149.48157),
(130, 315, 3, 1147.16626, 1511.94507),
(131, 315, 3, 1147.65625, 1456.94641),
(132, 315, 3, 631.9991, 402.681641),
(133, 315, 3, 1062.0354, 1427.07239),
(134, 315, 3, 608.279236, 567.580444),
(135, 315, 3, 1327.55566, 1022.22522),
(136, 315, 3, 1121.11121, 378.56543),
(137, 315, 3, 585.4176, 764.983459),
(138, 315, 3, 1521.72192, 469.064667),
(139, 315, 3, 1147.31689, 1477.44519),
(140, 315, 3, 742.9689, 868.33905),
(141, 315, 3, 1067.5354, 1427.09644),
(142, 315, 3, 1753.08679, 1073.74939),
(143, 315, 3, 1124.906, 1342.34546),
(144, 315, 3, 1330.0708, 1305.24023),
(145, 315, 3, 1098.29883, 1252.22815),
(146, 315, 3, 797.0659, 387.9016),
(147, 315, 3, 878.204956, 929.2633),
(148, 315, 3, 872.6381, 1173.74243),
(149, 315, 3, 930.6422, 1172.99548),
(150, 315, 3, 1071.685, 1163.61084),
(151, 315, 3, 584.7006, 1158.48584),
(152, 315, 3, 583.7225, 1153.48157),
(153, 315, 3, 584.7784, 911.4827),
(154, 315, 3, 1066.75061, 1148.58911),
(155, 315, 3, 1065.76367, 1145.58472),
(156, 315, 3, 804.7095, 1500.95068),
(157, 315, 3, 872.7777, 1141.74255),
(158, 315, 3, 1054.92517, 1108.53687),
(159, 315, 3, 762.5022, 860.7575),
(160, 315, 3, 584.128235, 1060.48193),
(161, 315, 3, 765.5066, 859.770569),
(162, 315, 3, 1126.882, 1347.85425),
(163, 315, 3, 990.900146, 1343.26086),
(164, 315, 3, 585.079468, 842.4831),
(165, 315, 3, 584.355164, 1008.48224),
(166, 315, 3, 1946.27344, 802.4218),
(167, 315, 3, 585.3543, 779.4834),
(168, 318, 3, 604.129456, 1076.2373),
(169, 318, 3, 605.1056, 876.908752),
(170, 318, 3, 1002.2597, 908.0253),
(171, 318, 3, 605.353943, 781.0946),
(172, 318, 3, 1001.57971, 1039.89124),
(173, 318, 3, 604.923645, 946.2233),
(174, 318, 3, 587.2973, 1325.93054),
(175, 318, 3, 1518.85352, 1533.98755),
(176, 318, 3, 1094.91541, 1316.8623),
(177, 318, 3, 1045.83557, 1153.35791),
(178, 318, 3, 1073.89978, 1247.26709),
(179, 318, 3, 617.4247, 1456.17114),
(180, 318, 3, 832.699951, 1473.73865),
(181, 318, 3, 1697.221, 990.404),
(182, 318, 3, 1126.653, 1422.42053),
(183, 318, 3, 1787.86328, 1049.75037),
(184, 318, 3, 1104.5824, 1348.75647),
(185, 318, 3, 854.253967, 1346.83093),
(186, 318, 3, 1063.58008, 1212.09534),
(187, 318, 3, 767.2075, 1529.07861),
(188, 318, 3, 1112.4165, 1374.864),
(189, 318, 3, 587.488953, 1276.83264),
(190, 318, 3, 1477.50537, 427.9707),
(191, 318, 3, 544.5213, 1482.13647),
(192, 318, 3, 680.253235, 972.9553),
(193, 318, 3, 566.490234, 1062.57129),
(194, 318, 3, 1030.62915, 1101.98828),
(195, 318, 3, 854.541931, 1280.8313),
(196, 318, 3, 854.7143, 1241.33142),
(197, 318, 3, 604.817261, 987.7375),
(198, 318, 3, 1787.95947, 922.7937),
(199, 318, 3, 854.4503, 1301.831),
(200, 318, 3, 857.3083, 646.834351),
(201, 318, 3, 1714.11462, 528.4601),
(202, 318, 3, 567.6225, 803.0726),
(203, 318, 3, 691.673035, 994.1166),
(204, 318, 3, 1099.95, 392.713074),
(205, 318, 3, 1787.4187, 1082.8988),
(206, 318, 3, 1036.1261, 1120.5625),
(207, 318, 3, 1713.2, 997.9856),
(208, 318, 3, 587.5574, 1247.79077),
(209, 318, 3, 1542.461, 427.8208),
(210, 318, 3, 1597.26184, 444.997681),
(211, 318, 3, 1312.63086, 1390.83154),
(212, 318, 3, 615.162842, 419.6413),
(213, 318, 3, 1707.71985, 1334.488),
(214, 318, 3, 1027.33423, 1443.5874),
(215, 318, 3, 566.2917, 1108.071),
(216, 318, 3, 857.3934, 627.3345),
(217, 318, 3, 856.660339, 795.3336),
(218, 318, 3, 566.8393, 982.5717),
(219, 318, 3, 1609.6969, 454.422241),
(220, 318, 3, 567.3214, 872.072266),
(221, 318, 3, 551.009, 466.162018),
(222, 318, 3, 1081.91125, 1273.32324),
(223, 318, 3, 587.075256, 1367.832),
(224, 318, 3, 1312.36963, 1342.648),
(225, 318, 3, 566.0844, 1155.5708),
(226, 318, 3, 590.17, 677.6692),
(227, 318, 3, 567.489441, 833.572449),
(228, 318, 3, 586.949768, 1392.76526),
(229, 318, 3, 1047.15552, 934.5668),
(230, 318, 3, 590.0347, 708.669067),
(231, 318, 3, 566.4566, 1172.1283),
(232, 318, 3, 1318.29883, 1108.85229),
(233, 318, 3, 603.720947, 1188.06885),
(234, 318, 3, 1073.73474, 521.152),
(235, 318, 3, 1680.29858, 938.179443),
(236, 318, 3, 590.242, 661.1693),
(237, 318, 3, 1118.91443, 1396.86133),
(238, 318, 3, 857.4501, 614.334534),
(239, 318, 3, 1312.9397, 1322.11768),
(240, 318, 3, 620.329468, 1197.80811),
(241, 318, 3, 1042.83411, 1443.655),
(242, 318, 3, 567.3716, 860.5723),
(243, 318, 3, 832.8352, 1442.73877),
(244, 318, 3, 1310.605, 1038.67493),
(245, 318, 3, 1085.0343, 1283.33691),
(246, 318, 3, 566.6495, 1026.07153),
(247, 318, 3, 1750.78027, 961.7373),
(248, 318, 3, 567.0247, 940.0719),
(249, 318, 3, 1686.54749, 938.456665),
(250, 318, 3, 857.122864, 689.334167),
(251, 318, 3, 1790.31543, 877.408569),
(252, 318, 3, 1318.349, 1097.35242),
(253, 318, 3, 1791.36328, 866.413),
(254, 318, 3, 1476.33276, 414.0321),
(255, 318, 3, 1312.2168, 1356.82922),
(256, 318, 3, 856.9156, 736.8339),
(257, 318, 3, 1790.239, 894.9085),
(258, 318, 3, 1073.834, 1443.79028),
(259, 318, 3, 853.9616, 1413.83057),
(260, 318, 3, 854.365234, 1321.331),
(261, 318, 3, 1589.71985, 440.277222),
(262, 318, 3, 591.252, 716.174438),
(263, 318, 3, 857.061768, 703.3341),
(264, 318, 3, 566.186951, 1132.07092),
(265, 318, 3, 1290.42773, 1079.23022),
(266, 318, 3, 1130.596, 1498.53882),
(267, 318, 3, 1571.02393, 1516.46069),
(268, 318, 3, 605.543762, 821.2383),
(269, 318, 3, 1785.639, 1032.39038),
(270, 318, 3, 586.9564, 1414.16553),
(271, 318, 3, 704.1859, 1018.17151),
(272, 318, 3, 1442.74475, 1007.06055),
(273, 318, 3, 854.3849, 1316.831),
(274, 318, 3, 1201.83618, 985.3424),
(275, 318, 3, 856.994141, 718.834),
(276, 318, 3, 587.722168, 1238.66638),
(277, 318, 3, 1052.99915, 1176.69568),
(278, 318, 3, 855.0219, 1170.83179),
(279, 318, 3, 1067.85852, 521.417969),
(280, 318, 3, 566.0495, 1163.5708),
(281, 318, 3, 567.223267, 894.572144),
(282, 318, 3, 855.2008, 1129.832),
(283, 318, 3, 1791.33936, 871.912964),
(284, 318, 3, 566.3768, 1088.57117),
(285, 318, 3, 1590.56665, 1506.71265),
(286, 318, 3, 1129.61548, 1494.03442),
(287, 318, 3, 1129.70276, 1474.03455),
(288, 318, 3, 566.5906, 1039.57141),
(289, 318, 3, 707.9901, 1024.85486),
(290, 318, 3, 854.1449, 1371.83081),
(291, 318, 3, 702.041, 1013.16205),
(292, 318, 3, 567.70105, 785.0727),
(293, 318, 3, 568.7403, 776.0771),
(294, 318, 3, 981.624, 574.8758),
(295, 318, 3, 1312.52441, 1286.32959),
(296, 318, 3, 621.8055, 761.3084),
(297, 318, 3, 1079.61279, 1265.313),
(298, 318, 3, 587.6371, 1258.16626),
(299, 318, 3, 1267.14246, 1259.13123),
(300, 318, 3, 1068.77429, 1228.26526),
(301, 318, 3, 860.503662, 945.852539),
(302, 318, 3, 1053.98389, 1180.20007),
(303, 318, 3, 1052.0144, 1173.19141),
(304, 318, 3, 855.0503, 1164.33179),
(305, 318, 3, 1040.18457, 1134.13916),
(306, 318, 3, 1039.202, 1130.13477),
(307, 318, 3, 566.2044, 1128.07092),
(308, 318, 3, 1411.52112, 485.2503),
(309, 318, 3, 566.252441, 1117.071),
(310, 318, 3, 857.2232, 666.3343),
(311, 318, 3, 619.7629, 427.2948),
(312, 318, 3, 1318.41455, 1082.35242),
(313, 318, 3, 1129.46936, 1527.5343),
(314, 318, 3, 790.8793, 859.5475),
(315, 318, 3, 1666.01526, 1060.36877),
(316, 318, 3, 793.883545, 858.5606),
(317, 318, 3, 566.5709, 1044.07141),
(318, 318, 3, 1290.08911, 1042.22827),
(319, 318, 3, 589.4128, 1424.17639),
(320, 318, 3, 1313.02258, 1401.33337),
(321, 318, 3, 590.4296, 618.1695),
(322, 318, 3, 1784.66089, 1027.386),
(323, 321, 3, 607.1117, 1039.48267),
(324, 321, 3, 590.5133, 1281.48694),
(325, 321, 3, 607.8576, 837.5106),
(326, 321, 3, 1004.25964, 989.0714),
(327, 321, 3, 1004.85, 852.4128),
(328, 321, 3, 608.224548, 739.976),
(329, 321, 3, 569.5083, 968.6654),
(330, 321, 3, 569.2028, 1017.14655),
(331, 321, 3, 1522.03418, 1480.905),
(332, 321, 3, 568.947632, 1099.85425),
(333, 321, 3, 607.601135, 905.7118),
(334, 321, 3, 547.863464, 1431.95056),
(335, 321, 3, 769.417969, 1477.58057),
(336, 321, 3, 836.220337, 1401.0625),
(337, 321, 3, 857.3714, 1228.425),
(338, 321, 3, 857.192261, 1283.12524),
(339, 321, 3, 622.878, 1411.354),
(340, 321, 3, 575.1174, 381.937439),
(341, 321, 3, 715.0432, 840.292542),
(342, 321, 3, 569.1687, 1054.99585),
(343, 321, 3, 856.9495, 1351.15222),
(344, 321, 3, 608.1279, 707.8491),
(345, 321, 3, 868.1492, 1010.7677),
(346, 321, 3, 570.02356, 874.893555),
(347, 321, 3, 782.1355, 1468.72742),
(348, 321, 3, 1129.22913, 1372.39319),
(349, 321, 3, 570.5296, 1398.219),
(350, 321, 3, 858.0818, 1091.65356),
(351, 321, 3, 1108.29358, 1301.74817),
(352, 321, 3, 682.053345, 897.0702),
(353, 321, 3, 570.592957, 744.3942),
(354, 321, 3, 835.580933, 1435.56018),
(355, 321, 3, 1699.3291, 939.464844),
(356, 321, 3, 857.844, 1146.1532),
(357, 321, 3, 1401.45679, 434.515167),
(358, 321, 3, 570.346436, 800.8939),
(359, 321, 3, 857.1415, 1307.15247),
(360, 321, 3, 569.842468, 916.3934),
(361, 321, 3, 905.012451, 1107.69189),
(362, 321, 3, 570.4293, 781.894043),
(363, 321, 3, 1049.26965, 1392.992),
(364, 321, 3, 1428.956, 434.760162),
(365, 321, 3, 1092.89343, 1250.1803),
(366, 321, 3, 857.6411, 1192.65308),
(367, 321, 3, 1074.15967, 1189.09766),
(368, 321, 3, 857.983643, 1114.15344),
(369, 321, 3, 559.7148, 1403.9989),
(370, 321, 3, 1113.51831, 1319.84265),
(371, 321, 3, 569.9319, 895.8935),
(372, 321, 3, 692.732849, 876.429),
(373, 321, 3, 857.7262, 1173.15308),
(374, 321, 3, 1689.81567, 887.9464),
(375, 321, 3, 1723.70776, 454.4215),
(376, 321, 3, 570.261353, 820.39386),
(377, 321, 3, 569.772644, 932.3933),
(378, 321, 3, 1104.721, 1289.73242),
(379, 321, 3, 1100.77344, 1277.71509),
(380, 321, 3, 954.4343, 896.571167),
(381, 321, 3, 927.4345, 896.453369),
(382, 321, 3, 575.544067, 717.415466),
(383, 321, 3, 1121.57434, 1346.30676),
(384, 321, 3, 608.4204, 784.0598),
(385, 321, 3, 1095.94543, 1261.19373),
(386, 321, 3, 1078.19861, 1203.11548),
(387, 321, 3, 552.0762, 1412.82288),
(388, 321, 3, 1791.46118, 1007.72491),
(389, 321, 3, 835.6246, 1425.56018),
(390, 321, 3, 1379.45679, 434.419159),
(391, 321, 3, 1292.279, 990.546631),
(392, 321, 3, 1603.07556, 980.9026),
(393, 321, 3, 1576.12146, 970.2848),
(394, 321, 3, 1589.45581, 435.33548),
(395, 321, 3, 1706.98364, 429.3482),
(396, 321, 3, 943.0447, 1215.026),
(397, 321, 3, 1273.09546, 1204.466),
(398, 321, 3, 857.6106, 1199.653),
(399, 321, 3, 1419.45667, 434.5937),
(400, 321, 3, 1132.40271, 1477.356),
(401, 321, 3, 805.46106, 1462.9292),
(402, 321, 3, 1132.551, 1443.356),
(403, 321, 3, 1684.12549, 396.748),
(404, 321, 3, 1312.53992, 988.135),
(405, 321, 3, 752.2437, 825.0213),
(406, 321, 3, 1097.32361, 1266.19983),
(407, 321, 3, 681.82666, 920.382),
(408, 321, 3, 933.934448, 896.48175),
(409, 321, 3, 921.9346, 896.4294),
(410, 321, 3, 1678.82275, 389.724731),
(411, 321, 3, 878.9391, 895.24176),
(412, 321, 3, 857.9269, 1127.15332),
(413, 321, 3, 866.939148, 895.1894),
(414, 321, 3, 857.942139, 1123.65332),
(415, 321, 3, 863.4392, 895.174133),
(416, 321, 3, 590.247742, 708.9795),
(417, 321, 3, 1791.43933, 1012.72491),
(418, 321, 3, 1832.2583, 481.395538),
(419, 321, 3, 1132.6405, 1422.8562),
(420, 321, 3, 1639.00769, 996.5596),
(421, 321, 3, 1034.26978, 1392.92651),
(422, 321, 3, 1599.082, 979.385132),
(423, 321, 3, 992.9292, 1356.24561),
(424, 321, 3, 1315.01929, 1336.65063),
(425, 321, 3, 857.0695, 1323.65234),
(426, 321, 3, 569.7988, 926.3933),
(427, 321, 3, 837.888733, 792.061157),
(428, 321, 3, 952.4312, 1241.06726),
(429, 321, 3, 949.4661, 1233.0542),
(430, 321, 3, 944.5272, 1219.03247),
(431, 321, 3, 1524.456, 435.051849),
(432, 321, 3, 1075.63562, 1194.60425),
(433, 321, 3, 857.7982, 1156.6532),
(434, 321, 3, 919.8284, 1149.92371),
(435, 321, 3, 1686.61023, 400.2589),
(436, 324, 3, 586.313232, 1078.118),
(437, 324, 3, 587.171265, 873.6479),
(438, 324, 3, 587.5585, 771.776),
(439, 324, 3, 984.1183, 888.4923),
(440, 324, 3, 548.7696, 1039.668),
(441, 324, 3, 586.624756, 985.892456),
(442, 324, 3, 586.7194, 946.248962),
(443, 324, 3, 526.8869, 1465.874),
(444, 324, 3, 983.431, 1038.7157),
(445, 324, 3, 601.1643, 1445.93567),
(446, 324, 3, 548.294067, 1095.16675),
(447, 324, 3, 549.3848, 898.6687),
(448, 324, 3, 836.803833, 1261.928),
(449, 324, 3, 548.424866, 1118.6676),
(450, 324, 3, 585.6847, 1173.831),
(451, 324, 3, 983.2331, 1011.23),
(452, 324, 3, 748.682434, 1518.6582),
(453, 324, 3, 814.892, 1470.83521),
(454, 324, 3, 815.012, 1443.33545),
(455, 324, 3, 585.9685, 1162.26538),
(456, 324, 3, 836.6489, 1297.42773),
(457, 324, 3, 569.3252, 1370.76245),
(458, 324, 3, 548.979, 991.6683),
(459, 324, 3, 849.9641, 1048.94385),
(460, 324, 3, 1501.414, 1512.10059),
(461, 324, 3, 549.668457, 833.669067),
(462, 324, 3, 548.3245, 1141.66748),
(463, 324, 3, 569.3075, 1353.98938),
(464, 324, 3, 569.5657, 1273.98938),
(465, 324, 3, 836.4374, 1345.92749),
(466, 324, 3, 549.904053, 779.6693),
(467, 324, 3, 549.570251, 856.168945),
(468, 324, 3, 1055.0719, 1430.38269),
(469, 324, 3, 1428.25891, 471.9975),
(470, 324, 3, 549.118652, 959.6684),
(471, 324, 3, 837.152954, 1181.92834),
(472, 324, 3, 920.7368, 933.789551),
(473, 324, 3, 836.2213, 1395.42725),
(474, 324, 3, 569.187744, 1402.26221),
(475, 324, 3, 1698.18408, 1439.47461),
(476, 324, 3, 1349.25928, 471.6528),
(477, 324, 3, 692.4794, 877.4595),
(478, 324, 3, 815.0665, 1430.83545),
(479, 324, 3, 569.113464, 1381.095),
(480, 324, 3, 1558.75818, 472.566925),
(481, 324, 3, 569.803, 1261.263),
(482, 324, 3, 549.8233, 798.1692),
(483, 324, 3, 837.028564, 1210.42822),
(484, 324, 3, 839.162231, 721.4306),
(485, 324, 3, 836.334839, 1369.42737),
(486, 324, 3, 1373.25916, 471.757538),
(487, 324, 3, 1092.79028, 1357.54626),
(488, 324, 3, 836.553, 1319.42761),
(489, 324, 3, 569.156, 1317.86084),
(490, 324, 3, 836.869263, 1246.928),
(491, 324, 3, 569.9579, 1225.76306),
(492, 324, 3, 1109.148, 1413.11841),
(493, 324, 3, 1081.57178, 1430.49829),
(494, 324, 3, 549.9694, 420.914551),
(495, 324, 3, 846.7415, 932.4667),
(496, 324, 3, 842.2416, 932.447),
(497, 324, 3, 983.972961, 918.065247),
(498, 324, 3, 1500.65955, 1526.32825),
(499, 324, 3, 562.04, 748.5552),
(500, 324, 3, 819.1123, 1420.353),
(501, 324, 3, 1572.89465, 1014.30292),
(502, 324, 3, 807.6752, 832.9615),
(503, 324, 3, 549.081543, 968.1684),
(504, 324, 3, 661.129, 957.6571),
(505, 324, 3, 587.7795, 808.334961),
(506, 324, 3, 1486.25854, 472.25058),
(507, 324, 3, 1057.89441, 1241.89233),
(508, 324, 3, 569.9317, 1231.76306),
(509, 324, 3, 1054.938, 1231.87927),
(510, 324, 3, 1053.95117, 1228.875),
(511, 324, 3, 823.339844, 909.864258),
(512, 324, 3, 814.935669, 1460.83533),
(513, 324, 3, 604.94104, 1458.919),
(514, 324, 3, 1385.759, 471.812073),
(515, 324, 3, 535.396362, 437.6012),
(516, 324, 3, 549.598633, 849.668945),
(517, 324, 3, 1272.327, 1028.825),
(518, 324, 3, 1291.84009, 1025.91),
(519, 324, 3, 549.6117, 846.669),
(520, 324, 3, 1108.16541, 1409.114),
(521, 324, 3, 1106.196, 1402.10535),
(522, 324, 3, 804.1693, 834.279541),
(523, 324, 3, 1703.17676, 491.697327),
(524, 324, 3, 962.3538, 1365.47717),
(525, 324, 3, 594.5589, 1431.87329),
(526, 324, 3, 836.3762, 1359.92749),
(527, 324, 3, 1677.56287, 976.0924),
(528, 324, 3, 1080.567, 1316.99231),
(529, 324, 3, 549.7077, 824.669067),
(530, 324, 3, 1079.58008, 1313.988),
(531, 324, 3, 1075.64124, 1299.97058),
(532, 324, 3, 1074.6543, 1296.96631),
(533, 324, 3, 549.175354, 946.6685),
(534, 324, 3, 549.7601, 812.6692),
(535, 324, 3, 1071.698, 1286.95313),
(536, 324, 3, 569.709167, 1282.76282),
(537, 324, 3, 565.990051, 416.234375),
(538, 327, 3, 993.4256, 1035.79456),
(539, 327, 3, 595.9721, 1161.512),
(540, 327, 3, 596.4477, 1061.21533),
(541, 327, 3, 596.6046, 996.309448),
(542, 327, 3, 597.3124, 883.074463),
(543, 327, 3, 579.2755, 1393.1792),
(544, 327, 3, 993.7383, 896.938965),
(545, 327, 3, 1118.27454, 1416.73975),
(546, 327, 3, 1510.83594, 1533.4541),
(547, 327, 3, 579.383545, 1361.60181),
(548, 327, 3, 789.1697, 1509.51929),
(549, 327, 3, 596.398743, 1096.24377),
(550, 327, 3, 858.4614, 1055.43433),
(551, 327, 3, 830.940369, 1021.98041),
(552, 327, 3, 596.563354, 1015.9577),
(553, 327, 3, 1304.57227, 1337.05151),
(554, 327, 3, 579.6071, 1280.88745),
(555, 327, 3, 579.5628, 1336.888),
(556, 327, 3, 596.3506, 1110.55811),
(557, 327, 3, 555.6455, 1445.17407),
(558, 327, 3, 825.1143, 1440.46094),
(559, 327, 3, 1304.37378, 1382.55127),
(560, 327, 3, 613.98645, 781.5304),
(561, 327, 3, 579.319153, 1327.2439),
(562, 327, 3, 705.968262, 884.2189),
(563, 327, 3, 579.735168, 1297.38818),
(564, 327, 3, 596.8955, 966.029846),
(565, 327, 3, 1305.13428, 1170.05151),
(566, 327, 3, 1528.81274, 480.517822),
(567, 327, 3, 846.4197, 1370.55286),
(568, 327, 3, 579.521362, 1346.388),
(569, 327, 3, 596.4332, 1137.45886),
(570, 327, 3, 846.8734, 1266.55334),
(571, 327, 3, 1686.91541, 984.614746),
(572, 327, 3, 995.5657, 879.1967),
(573, 327, 3, 1304.509, 1351.55139),
(574, 327, 3, 579.24646, 1409.3877),
(575, 327, 3, 1039.62634, 1438.39685),
(576, 327, 3, 993.537354, 885.688),
(577, 327, 3, 596.8735, 921.9577),
(578, 327, 3, 548.5699, 1449.75439),
(579, 327, 3, 847.167969, 1199.05371),
(580, 327, 3, 565.0346, 426.561829),
(581, 327, 3, 1029.62646, 1438.35327),
(582, 327, 3, 981.7903, 1400.64392),
(583, 327, 3, 757.759033, 1521.66821),
(584, 327, 3, 1102.449, 1364.66992),
(585, 327, 3, 1099.497, 1353.65686),
(586, 327, 3, 846.550537, 1340.553),
(587, 327, 3, 1304.66174, 1316.55151),
(588, 327, 3, 846.681458, 1310.55322),
(589, 327, 3, 1435.037, 1001.78265),
(590, 327, 3, 613.5545, 880.5299),
(591, 327, 3, 1066.964, 1246.51343),
(592, 327, 3, 1121.7594, 1522.75635),
(593, 327, 3, 579.104431, 754.3778),
(594, 327, 3, 613.345032, 928.529663),
(595, 327, 3, 536.9325, 1481.2041),
(596, 327, 3, 1121.995, 1468.75659),
(597, 327, 3, 806.8323, 1505.04871),
(598, 327, 3, 759.775757, 1517.84351),
(599, 327, 3, 993.4348, 909.187866),
(600, 327, 3, 993.782654, 905.855957),
(601, 327, 3, 846.439331, 1366.05286),
(602, 327, 3, 1282.38135, 1036.95044),
(603, 327, 3, 1301.89441, 1034.03552),
(604, 327, 3, 1095.55151, 1341.1394),
(605, 327, 3, 1090.62134, 1325.11768),
(606, 327, 3, 614.0934, 757.0305),
(607, 327, 3, 962.781, 600.549744),
(608, 327, 3, 941.7879, 1286.46777),
(609, 327, 3, 1065.97925, 1243.009),
(610, 327, 3, 1510.7771, 1519.95374),
(611, 327, 3, 1064.99231, 1240.00476),
(612, 327, 3, 1063.01855, 1233.99609),
(613, 327, 3, 1121.90564, 1489.25659),
(614, 327, 3, 535.947754, 1477.69971),
(615, 327, 3, 847.194153, 1193.05371),
(616, 327, 3, 825.0729, 1449.96082),
(617, 327, 3, 613.417053, 912.0297),
(618, 327, 3, 724.0714, 877.0121),
(619, 327, 3, 1066.62622, 1438.51465),
(620, 327, 3, 1034.62634, 1438.375),
(621, 327, 3, 596.644836, 1088.95911),
(622, 327, 3, 597.596, 870.960144),
(623, 327, 3, 913.179138, 738.335266),
(624, 330, 3, 942.6531, 1204.41541),
(625, 330, 3, 868.4066, 995.9678),
(626, 330, 3, 968.7967, 1278.53784),
(627, 330, 3, 620.3868, 851.283752),
(628, 330, 3, 619.873657, 957.6641),
(629, 330, 3, 957.62, 1246.62512),
(630, 330, 3, 908.5416, 1107.61963),
(631, 330, 3, 619.8526, 902.725464),
(632, 330, 3, 841.213135, 838.901),
(633, 330, 3, 976.0619, 1298.67236),
(634, 330, 3, 620.6409, 783.125244),
(635, 330, 3, 619.6409, 1022.80347),
(636, 330, 3, 1532.1825, 1453.853),
(637, 330, 3, 620.366638, 884.8666),
(638, 330, 3, 986.2501, 1327.45728),
(639, 330, 3, 1666.22888, 990.752869),
(640, 330, 3, 950.029236, 1225.18115),
(641, 330, 3, 620.230835, 795.936157),
(642, 330, 3, 620.3085, 930.9384),
(643, 330, 3, 998.874756, 1362.59619),
(644, 330, 3, 619.4663, 1123.9375),
(645, 330, 3, 839.0028, 976.226563),
(646, 330, 3, 620.5698, 756.4371),
(647, 330, 3, 619.4596, 1068.18665),
(648, 330, 3, 619.2742, 1110.6864),
(649, 330, 3, 943.5468, 877.348),
(650, 330, 3, 1373.56934, 415.217834),
(651, 330, 3, 991.517639, 1342.56384),
(652, 330, 3, 1019.3822, 1373.68591),
(653, 330, 3, 1576.25012, 1443.95),
(654, 330, 3, 862.051636, 875.992432),
(655, 330, 3, 620.594238, 865.4387),
(656, 330, 3, 841.6062, 863.403),
(657, 330, 3, 897.838867, 1077.65137),
(658, 330, 3, 1911.16382, 739.068054),
(659, 330, 3, 838.2179, 952.3895),
(660, 330, 3, 582.3001, 359.764526),
(661, 330, 3, 621.0939, 750.9393),
(662, 330, 3, 878.314453, 1022.06543),
(663, 330, 3, 1495.56873, 415.750153),
(664, 330, 3, 1196.934, 789.4524),
(665, 330, 3, 1052.38208, 1373.82983),
(666, 330, 3, 1026.3822, 1373.71643),
(667, 330, 3, 923.951355, 1151.26636),
(668, 330, 3, 901.132935, 1086.66589),
(669, 330, 3, 619.752136, 1058.43774),
(670, 330, 3, 1473.06885, 415.651978),
(671, 330, 3, 980.1595, 1310.01392),
(672, 330, 3, 620.773132, 824.4389),
(673, 330, 3, 929.779358, 1167.792),
(674, 330, 3, 620.0415, 762.9349),
(675, 330, 3, 599.1531, 1424.853),
(676, 330, 3, 620.094666, 979.9382),
(677, 330, 3, 621.355652, 690.9396),
(678, 330, 3, 1722.43237, 906.080261),
(679, 330, 3, 1277.24927, 1175.80823),
(680, 330, 3, 1418.56909, 415.414185),
(681, 330, 3, 620.8146, 814.938965),
(682, 330, 3, 917.4321, 1132.73767),
(683, 330, 3, 916.4452, 1129.73328),
(684, 330, 3, 619.4947, 1117.4375),
(685, 330, 3, 899.6504, 1082.65942),
(686, 330, 3, 1550.06836, 415.987946),
(687, 330, 3, 619.817566, 1043.43787),
(688, 330, 3, 840.6368, 856.3987),
(689, 330, 3, 880.8817, 1029.57678),
(690, 330, 3, 841.154236, 852.4009),
(691, 330, 3, 879.894836, 1026.57239),
(692, 330, 3, 1201.12366, 745.9701),
(693, 330, 3, 1715.47144, 1011.718),
(694, 330, 3, 620.7382, 832.4389),
(695, 330, 3, 856.5542, 989.970032),
(696, 330, 3, 1074.882, 1373.9281),
(697, 330, 3, 1071.882, 1373.915),
(698, 330, 3, 620.079346, 983.4381),
(699, 330, 3, 996.4587, 1356.08569),
(700, 330, 3, 621.336, 695.4396),
(701, 330, 3, 981.642, 1314.02039),
(702, 330, 3, 619.267, 940.43396),
(703, 330, 3, 962.869, 1261.93774),
(704, 330, 3, 961.8821, 1258.93335),
(705, 330, 3, 960.8952, 1255.92908),
(706, 330, 3, 793.4315, 788.6918),
(707, 330, 3, 953.978149, 1236.89856),
(708, 330, 3, 952.9912, 1233.89429),
(709, 330, 3, 1727.94482, 903.270935),
(710, 330, 3, 931.261841, 1171.79858),
(711, 330, 3, 957.046753, 877.4069),
(712, 330, 3, 798.440247, 786.7136),
(713, 330, 3, 1601.06812, 416.21048),
(714, 330, 3, 1641.39087, 342.385376),
(715, 333, 3, 626.541443, 776.124451),
(716, 333, 3, 958.3302, 1273.5354),
(717, 333, 3, 873.839, 1035.2688),
(718, 333, 3, 949.2661, 1247.8844),
(719, 333, 3, 844.1879, 1011.15149),
(720, 333, 3, 975.4503, 1321.88855),
(721, 333, 3, 625.091, 1090.58386),
(722, 333, 3, 995.0713, 1377.554),
(723, 333, 3, 869.188, 916.156067),
(724, 333, 3, 983.7422, 1345.10156),
(725, 333, 3, 846.6563, 891.5872),
(726, 333, 3, 625.3489, 1001.71362),
(727, 333, 3, 910.1198, 1136.9856),
(728, 333, 3, 1098.91187, 1414.42859),
(729, 333, 3, 988.615, 1358.71582),
(730, 333, 3, 625.3702, 1061.04968),
(731, 333, 3, 625.6579, 906.971863),
(732, 333, 3, 625.8231, 841.189636),
(733, 333, 3, 917.5276, 1158.13354),
(734, 333, 3, 626.237732, 879.858643),
(735, 333, 3, 626.4293, 721.357239),
(736, 333, 3, 1004.45905, 1403.31628),
(737, 333, 3, 928.4923, 1189.18188),
(738, 333, 3, 897.7721, 1102.04651),
(739, 333, 3, 1362.09937, 455.563446),
(740, 333, 3, 1372.59937, 455.609283),
(741, 333, 3, 1054.91211, 1414.23657),
(742, 333, 3, 934.8159, 1206.70972),
(743, 333, 3, 625.8341, 972.3582),
(744, 333, 3, 886.41394, 1069.49658),
(745, 333, 3, 847.1472, 901.3228),
(746, 333, 3, 626.872559, 734.3594),
(747, 333, 3, 1701.73779, 959.7192),
(748, 333, 3, 1217.14233, 674.4341),
(749, 333, 3, 1540.56934, 1494.35681),
(750, 333, 3, 1546.06934, 1494.38086),
(751, 333, 3, 883.9423, 1062.98572),
(752, 333, 3, 1396.59924, 455.714),
(753, 333, 3, 1579.26392, 991.518555),
(754, 333, 3, 1721.21741, 1422.81067),
(755, 333, 3, 1024.91223, 1414.10571),
(756, 333, 3, 626.3446, 855.358765),
(757, 333, 3, 624.9876, 1166.35718),
(758, 333, 3, 624.938843, 948.353943),
(759, 333, 3, 624.070557, 1147.35291),
(760, 333, 3, 894.313538, 1092.53137),
(761, 333, 3, 625.3825, 1075.85767),
(762, 333, 3, 594.3902, 730.2176),
(763, 333, 3, 998.032349, 1386.488),
(764, 333, 3, 1685.067, 1036.98083),
(765, 333, 3, 980.255, 1335.40967),
(766, 333, 3, 964.4514, 1290.34009),
(767, 333, 3, 945.682739, 1237.25757),
(768, 333, 3, 939.7526, 1221.23145),
(769, 333, 3, 920.984, 1168.1488),
(770, 333, 3, 919.9971, 1165.14441),
(771, 333, 3, 626.4952, 820.858948),
(772, 333, 3, 1215.04639, 696.4252),
(773, 333, 3, 625.997742, 934.8584),
(774, 333, 3, 902.215332, 1115.06616),
(775, 333, 3, 978.5723, 918.896545),
(776, 333, 3, 893.328857, 1089.027),
(777, 336, 3, 964.129639, 1214.49475),
(778, 336, 3, 1006.02686, 1332.99463),
(779, 336, 3, 1778.38989, 1037.40222),
(780, 336, 3, 641.83844, 701.7717),
(781, 336, 3, 895.9028, 1021.20294),
(782, 336, 3, 1555.35522, 1461.35925),
(783, 336, 3, 907.9366, 1055.165),
(784, 336, 3, 932.4956, 1125.0459),
(785, 336, 3, 887.214966, 998.2354),
(786, 336, 3, 639.96875, 1130.26953),
(787, 336, 3, 861.8551, 851.456055),
(788, 336, 3, 996.334961, 1305.327),
(789, 336, 3, 639.1062, 1098.76538),
(790, 336, 3, 896.549561, 883.3857),
(791, 336, 3, 1658.32813, 985.710938),
(792, 336, 3, 640.5578, 995.270264),
(793, 336, 3, 734.295349, 826.534058),
(794, 336, 3, 790.1051, 1459.64355),
(795, 336, 3, 1432.06714, 422.7158),
(796, 336, 3, 912.246643, 1067.45679),
(797, 336, 3, 640.4334, 1023.77014),
(798, 336, 3, 600.349548, 699.090637),
(799, 336, 3, 881.0497, 883.318),
(800, 336, 3, 641.583862, 714.270752),
(801, 336, 3, 980.7998, 1261.75854),
(802, 336, 3, 1051.88025, 1381.07043),
(803, 336, 3, 1608.30835, 963.8924),
(804, 336, 3, 640.967957, 901.270752),
(805, 336, 3, 1232.11255, 640.846436),
(806, 336, 3, 1096.38, 1381.26465),
(807, 336, 3, 641.227539, 841.771),
(808, 336, 3, 1606.60474, 1445.9917),
(809, 336, 3, 950.2774, 1175.12415),
(810, 336, 3, 639.2831, 1115.51636),
(811, 336, 3, 639.0756, 1105.76538),
(812, 336, 3, 641.2734, 831.271057),
(813, 336, 3, 640.9243, 911.2707),
(814, 336, 3, 1572.06641, 423.32666),
(815, 336, 3, 1635.03284, 889.608),
(816, 336, 3, 641.6486, 745.2715),
(817, 336, 3, 900.3929, 1033.90454),
(818, 336, 3, 1210.07642, 878.2536),
(819, 336, 3, 795.041138, 1457.95081),
(820, 336, 3, 827.0759, 1450.09058),
(821, 336, 3, 1038.38025, 1381.01147),
(822, 336, 3, 1696.04382, 1001.87573),
(823, 336, 3, 1002.14008, 1321.35254),
(824, 336, 3, 641.8035, 709.771667),
(825, 336, 3, 640.6385, 976.7704),
(826, 336, 3, 976.454346, 1249.2395),
(827, 336, 3, 1642.14441, 978.640259),
(828, 336, 3, 952.7468, 1182.135),
(829, 336, 3, 951.7599, 1179.13074),
(830, 336, 3, 946.821045, 1165.109),
(831, 336, 3, 1602.21875, 961.4658),
(832, 336, 3, 640.0189, 1118.76965),
(833, 336, 3, 641.4588, 788.7713),
(834, 339, 3, 1153.1886, 755.457458),
(835, 339, 3, 975.9298, 1241.219),
(836, 339, 3, 1781.40088, 1031.685),
(837, 339, 3, 1540.33008, 1454.5835),
(838, 339, 3, 640.3018, 1050.7063),
(839, 339, 3, 640.4393, 1019.20654),
(840, 339, 3, 640.5549, 992.706665),
(841, 339, 3, 963.2348, 1204.61755),
(842, 339, 3, 791.9093, 797.3643),
(843, 339, 3, 730.804932, 821.098),
(844, 339, 3, 1219.53369, 770.229736),
(845, 339, 3, 640.7098, 957.2068),
(846, 339, 3, 640.396545, 876.2043),
(847, 339, 3, 641.2421, 835.2074),
(848, 339, 3, 980.4231, 1253.19324),
(849, 339, 3, 935.96875, 1127.99756),
(850, 339, 3, 1590.08447, 1447.3562),
(851, 339, 3, 1002.1568, 1314.289),
(852, 342, 3, 1000.55609, 1187.84412),
(853, 342, 3, 966.9708, 1092.69629),
(854, 342, 3, 967.957642, 1095.70068),
(855, 342, 3, 942.276367, 1022.58752),
(856, 342, 3, 1653.071, 1415.69446),
(857, 342, 3, 831.9857, 1432.612),
(858, 342, 3, 828.9814, 1433.599),
(859, 342, 3, 737.001648, 855.6895),
(860, 345, 3, 573.0645, 848.7865),
(861, 345, 3, 572.2775, 1131.8446),
(862, 345, 3, 572.213135, 1007.44977),
(863, 345, 3, 859.6327, 1375.62109),
(864, 345, 3, 1006.89038, 1047.34692),
(865, 345, 3, 551.579346, 1488.572),
(866, 345, 3, 684.8098, 966.5571),
(867, 345, 3, 593.082947, 1266.54443),
(868, 345, 3, 592.9766, 1407.5824),
(869, 345, 3, 772.4209, 1533.44189),
(870, 345, 3, 624.19, 1461.74548),
(871, 345, 3, 860.0205, 1281.70947),
(872, 345, 3, 1007.84351, 896.2101),
(873, 345, 3, 609.734741, 1156.50134),
(874, 345, 3, 1078.81348, 1248.987),
(875, 345, 3, 863.1177, 592.125),
(876, 345, 3, 838.6306, 1449.77466),
(877, 345, 3, 610.7169, 892.11615),
(878, 345, 3, 860.4437, 1184.70984),
(879, 345, 3, 609.8697, 1078.64844),
(880, 345, 3, 610.950256, 762.248657),
(881, 345, 3, 862.1167, 809.4976),
(882, 345, 3, 860.253357, 1236.53125),
(883, 345, 3, 557.6922, 473.1937),
(884, 345, 3, 1109.75964, 1351.4801),
(885, 345, 3, 592.8822, 1312.54419),
(886, 345, 3, 1048.906, 1149.14038),
(887, 345, 3, 697.621765, 997.5423),
(888, 345, 3, 1131.53687, 1424.66882),
(889, 345, 3, 572.483643, 945.4501),
(890, 345, 3, 1524.83813, 1543.36389),
(891, 345, 3, 862.8103, 676.7131),
(892, 345, 3, 1701.79285, 992.828247),
(893, 345, 3, 710.675842, 1022.47516),
(894, 345, 3, 609.7308, 1118.115),
(895, 345, 3, 862.834839, 636.712646),
(896, 345, 3, 610.0166, 1052.61536),
(897, 345, 3, 860.6052, 1147.71008),
(898, 345, 3, 592.6968, 1355.04407),
(899, 345, 3, 610.1999, 1010.61554),
(900, 345, 3, 1099.99292, 1319.35693),
(901, 345, 3, 610.119141, 1029.11548),
(902, 345, 3, 610.2893, 990.115662),
(903, 345, 3, 838.113037, 1489.6167),
(904, 345, 3, 611.2034, 780.6167),
(905, 345, 3, 610.4093, 962.6158),
(906, 345, 3, 1103.72253, 1331.69019),
(907, 345, 3, 1116.52808, 1374.55713),
(908, 345, 3, 1524.132, 1529.156),
(909, 345, 3, 1792.89075, 1085.277),
(910, 345, 3, 862.2523, 770.2119),
(911, 345, 3, 1066.35193, 1206.40869),
(912, 345, 3, 1560.07593, 1474.98889),
(913, 345, 3, 715.04126, 894.5158),
(914, 345, 3, 1035.79309, 1105.22388),
(915, 345, 3, 610.843445, 863.1163),
(916, 345, 3, 592.6226, 1372.044),
(917, 345, 3, 862.911255, 619.2127),
(918, 345, 3, 592.665039, 1333.66858),
(919, 345, 3, 838.1654, 1477.61682),
(920, 345, 3, 620.0524, 422.364563),
(921, 345, 3, 611.151062, 792.616638),
(922, 345, 3, 610.3613, 973.6157),
(923, 345, 3, 595.6311, 682.547363),
(924, 345, 3, 778.920654, 420.343445),
(925, 345, 3, 1591.18567, 1475.40234),
(926, 345, 3, 592.749146, 1343.04407),
(927, 345, 3, 1087.54333, 1277.20215),
(928, 345, 3, 554.6105, 1466.37939),
(929, 345, 3, 1098.30371, 1446.75146),
(930, 345, 3, 1124.10864, 1399.8634),
(931, 345, 3, 611.120544, 799.6166),
(932, 345, 3, 859.854736, 1319.70923),
(933, 345, 3, 1068.71179, 1215.619),
(934, 345, 3, 609.4232, 1188.61462),
(935, 345, 3, 1054.12573, 1166.55469),
(936, 345, 3, 1007.632, 912.848267),
(937, 345, 3, 1315.32422, 1041.69263),
(938, 345, 3, 556.5978, 460.873962),
(939, 345, 3, 860.1405, 1254.20947),
(940, 345, 3, 1261.98389, 1062.21021),
(941, 345, 3, 863.107544, 574.2129),
(942, 345, 3, 1008.03821, 934.350342),
(943, 345, 3, 610.5598, 928.115967),
(944, 345, 3, 1007.6037, 919.348267),
(945, 345, 3, 872.306458, 1063.42664),
(946, 345, 3, 558.232239, 1461.39514),
(947, 345, 3, 690.650635, 983.9662),
(948, 345, 3, 1304.62219, 1221.64844),
(949, 345, 3, 924.4689, 949.985962),
(950, 345, 3, 1692.187, 940.668945),
(951, 345, 3, 780.137268, 414.348633),
(952, 345, 3, 1413.491, 488.1132),
(953, 345, 3, 1481.74377, 430.410217),
(954, 345, 3, 699.9255, 921.0058),
(955, 345, 3, 1037.768, 1110.98254),
(956, 345, 3, 609.787537, 1105.11511),
(957, 345, 3, 609.805, 1101.11511),
(958, 345, 3, 1135.1748, 1476.41272),
(959, 345, 3, 1272.685, 1474.5127),
(960, 345, 3, 1367.689, 1473.92725),
(961, 345, 3, 615.803955, 1445.14612),
(962, 345, 3, 842.846436, 1436.13672),
(963, 345, 3, 862.8807, 626.212646),
(964, 345, 3, 702.2234, 1005.517),
(965, 345, 3, 859.822, 1327.20923),
(966, 345, 3, 859.8961, 1310.20923),
(967, 345, 3, 692.302, 987.47345),
(968, 345, 3, 862.9374, 613.212769),
(969, 345, 3, 1090.99536, 1288.21729),
(970, 345, 3, 1090.00842, 1285.21289),
(971, 345, 3, 862.182556, 786.211853),
(972, 345, 3, 1086.06519, 1272.19556),
(973, 345, 3, 826.605164, 460.052063),
(974, 345, 3, 982.9642, 951.2412),
(975, 345, 3, 581.425537, 1187.99243),
(976, 345, 3, 862.4705, 720.212158),
(977, 345, 3, 860.520142, 1167.21),
(978, 345, 3, 862.597046, 691.212341),
(979, 345, 3, 609.63916, 1139.11487),
(980, 345, 3, 1042.69373, 1128.00427),
(981, 345, 3, 1041.70679, 1125),
(982, 348, 3, 573.386169, 1079.7146),
(983, 348, 3, 574.523865, 850.7923),
(984, 348, 3, 1008.36169, 1058.51465),
(985, 348, 3, 1009.02283, 920.221558),
(986, 348, 3, 552.7083, 1501.68652),
(987, 348, 3, 573.8155, 972.207947),
(988, 348, 3, 594.3415, 1310.09717),
(989, 348, 3, 861.6666, 1236.4292),
(990, 348, 3, 686.430847, 984.3277),
(991, 348, 3, 574.6213, 1187.28064),
(992, 348, 3, 1705.05542, 1005.31641),
(993, 348, 3, 1080.94714, 1263.33374),
(994, 348, 3, 861.422363, 1292.429),
(995, 348, 3, 828.0543, 512.3152),
(996, 348, 3, 612.125244, 901.335632),
(997, 348, 3, 861.140869, 1356.92859),
(998, 348, 3, 839.7628, 1466.43677),
(999, 348, 3, 611.2651, 1090.83459),
(1000, 348, 3, 597.346, 684.733643),
(1001, 348, 3, 594.5393, 1264.764),
(1002, 348, 3, 610.9799, 1163.83435),
(1003, 348, 3, 1050.17285, 1160.8811),
(1004, 348, 3, 864.3632, 618.432251),
(1005, 348, 3, 561.5467, 492.063751),
(1006, 348, 3, 594.153137, 1353.26355),
(1007, 348, 3, 594.0528, 1376.26343),
(1008, 348, 3, 839.527954, 1497.33618),
(1009, 348, 3, 696.4842, 1004.87183),
(1010, 348, 3, 1099.13757, 1324.06653),
(1011, 348, 3, 860.8922, 1413.92822),
(1012, 348, 3, 612.420532, 773.36145),
(1013, 348, 3, 861.932861, 1188.15186),
(1014, 348, 3, 611.616943, 1017.83508),
(1015, 348, 3, 860.985962, 1392.42847),
(1016, 348, 3, 864.7506, 586.9335),
(1017, 348, 3, 773.3775, 1546.88159),
(1018, 348, 3, 714.261353, 1038.54993),
(1019, 348, 3, 1525.46692, 1544.09644),
(1020, 348, 3, 621.7651, 433.871155),
(1021, 348, 3, 706.449, 1023.89178),
(1022, 348, 3, 612.5289, 808.8361),
(1023, 348, 3, 1117.86292, 1386.203),
(1024, 348, 3, 863.6345, 785.4314),
(1025, 348, 3, 612.1371, 940.2908),
(1026, 348, 3, 780.712158, 434.019226),
(1027, 348, 3, 612.2409, 874.835754),
(1028, 348, 3, 611.501343, 1044.335),
(1029, 348, 3, 593.9175, 1407.26331),
(1030, 348, 3, 618.792664, 1458.87256),
(1031, 348, 3, 584.315063, 1201.51855),
(1032, 348, 3, 626.418457, 1475.90613),
(1033, 348, 3, 864.646851, 553.432556),
(1034, 348, 3, 863.8134, 744.431641),
(1035, 348, 3, 1794.01831, 1056.99475),
(1036, 348, 3, 596.5573, 1438.88635),
(1037, 348, 3, 863.523254, 810.9313),
(1038, 348, 3, 611.6955, 999.835144),
(1039, 348, 3, 612.6074, 790.8362),
(1040, 348, 3, 1105.08813, 1344.32617),
(1041, 348, 3, 1009.27118, 945.569153),
(1042, 348, 3, 1043.3241, 1137.276),
(1043, 348, 3, 863.429443, 832.431152),
(1044, 348, 3, 861.989563, 1162.42957),
(1045, 348, 3, 574.0076, 928.1697),
(1046, 348, 3, 611.5428, 1034.835),
(1047, 348, 3, 1471.86755, 1487.02368),
(1048, 348, 3, 573.9706, 936.6697),
(1049, 348, 3, 611.189331, 1115.83459),
(1050, 348, 3, 1525.71094, 1555.831),
(1051, 348, 3, 1722.80884, 1468.547),
(1052, 348, 3, 612.4438, 828.336),
(1053, 348, 3, 611.7631, 984.3352),
(1054, 348, 3, 611.828552, 969.3353),
(1055, 348, 3, 1693.75037, 952.5558),
(1056, 348, 3, 612.3522, 849.3359),
(1057, 348, 3, 611.464233, 1052.83484),
(1058, 348, 3, 623.256, 1467.29224),
(1059, 348, 3, 863.9945, 702.9318),
(1060, 348, 3, 1483.14331, 441.6297),
(1061, 348, 3, 864.0294, 694.9319),
(1062, 348, 3, 1316.87036, 1053.71277),
(1063, 348, 3, 686.0653, 961.1591),
(1064, 348, 3, 1070.3053, 1228.23938),
(1065, 348, 3, 629.1748, 1485.91821),
(1066, 348, 3, 863.9705, 708.431763),
(1067, 348, 3, 569.118652, 501.642365),
(1068, 348, 3, 1319.88257, 1188.42786),
(1069, 348, 3, 862.0376, 1151.42957),
(1070, 348, 3, 862.0768, 1142.42969),
(1071, 348, 3, 863.778564, 752.4316),
(1072, 348, 3, 1746.74268, 1107.28918),
(1073, 348, 3, 611.440247, 1058.33484),
(1074, 348, 3, 1574.91357, 1487.71143),
(1075, 348, 3, 1416.24915, 1486.68579),
(1076, 348, 3, 611.8002, 975.835266),
(1077, 348, 3, 1072.67651, 1234.84985),
(1078, 348, 3, 610.8141, 1201.83411),
(1079, 348, 3, 586.6672, 777.056152),
(1080, 348, 3, 1059.86426, 1191.79333),
(1081, 348, 3, 611.163147, 1121.83459),
(1082, 348, 3, 612.3282, 854.8359),
(1083, 348, 3, 863.8723, 730.9317),
(1084, 348, 3, 1526.88574, 500.821381),
(1085, 348, 3, 1547.58118, 1487.42554),
(1086, 348, 3, 845.4652, 1053.356),
(1087, 348, 3, 596.9238, 718.2667),
(1088, 348, 3, 621.673035, 1463.38525),
(1089, 348, 3, 1130.82324, 1430.60632),
(1090, 348, 3, 1125.89746, 1413.58459),
(1091, 348, 3, 1124.91052, 1410.5802),
(1092, 348, 3, 909.529541, 809.632),
(1093, 348, 3, 1110.12439, 1361.515),
(1094, 348, 3, 1109.14185, 1357.51074),
(1095, 348, 3, 1089.42993, 1291.42371),
(1096, 348, 3, 1088.443, 1288.41943),
(1097, 348, 3, 1297.13391, 1245.32935),
(1098, 348, 3, 685.845642, 965.6582),
(1099, 348, 3, 580.144653, 782.194458),
(1100, 348, 3, 1068.73108, 1222.33252),
(1101, 348, 3, 1067.74414, 1219.32813),
(1102, 348, 3, 611.9289, 946.3354),
(1103, 348, 3, 594.1773, 774.755554),
(1104, 348, 3, 1041.13269, 1130.21069),
(1105, 348, 3, 1796.01465, 930.5017),
(1106, 348, 3, 1037.185, 1118.19336),
(1107, 348, 3, 1296.79724, 1093.32581),
(1108, 348, 3, 877.1371, 899.491943),
(1109, 348, 3, 597.8671, 731.271),
(1110, 348, 3, 611.37915, 1072.33484),
(1111, 348, 3, 1795.39063, 1073.501),
(1112, 351, 3, 863.475, 1294.90015),
(1113, 351, 3, 1010.59222, 1017.56207),
(1114, 351, 3, 842.7479, 1432.29639),
(1115, 351, 3, 1011.06293, 873.125732),
(1116, 351, 3, 1527.91113, 1505.15039),
(1117, 351, 3, 575.3126, 1128.59912),
(1118, 351, 3, 554.349243, 1449.19507),
(1119, 351, 3, 775.750854, 1500.344),
(1120, 351, 3, 596.302551, 1323.49341),
(1121, 351, 3, 576.554138, 807.399963),
(1122, 351, 3, 596.21106, 1371.10986),
(1123, 351, 3, 864.1848, 1122.15942),
(1124, 351, 3, 575.3433, 1084.89856),
(1125, 351, 3, 596.8348, 1221.16565),
(1126, 351, 3, 575.904, 956.399231),
(1127, 351, 3, 1135.45813, 1395.98975),
(1128, 351, 3, 863.9579, 1174.15918),
(1129, 351, 3, 575.64, 1016.89893),
(1130, 351, 3, 1283.46973, 1223.23022),
(1131, 351, 3, 575.4851, 1052.39868),
(1132, 351, 3, 596.4749, 1283.99353),
(1133, 351, 3, 613.3606, 1081.06445),
(1134, 351, 3, 576.167969, 895.899536),
(1135, 351, 3, 596.610168, 1252.99377),
(1136, 351, 3, 1080.8855, 1214.3562),
(1137, 351, 3, 576.041443, 924.899353),
(1138, 351, 3, 613.352, 1121.23157),
(1139, 351, 3, 1705.01685, 962.8259),
(1140, 351, 3, 1113.382, 1322.24951),
(1141, 351, 3, 576.4189, 838.3998),
(1142, 351, 3, 813.0946, 1486.44165),
(1143, 351, 3, 593.875732, 733.7437),
(1144, 351, 3, 707.219666, 884.4712),
(1145, 351, 3, 613.6224, 1021.0647),
(1146, 351, 3, 866.1884, 701.162231),
(1147, 351, 3, 688.483032, 919.5566),
(1148, 351, 3, 1102.40076, 1417.20288),
(1149, 351, 3, 576.7178, 769.900146),
(1150, 351, 3, 576.255249, 875.8996),
(1151, 351, 3, 614.342346, 856.0655),
(1152, 351, 3, 613.491455, 1051.06458),
(1153, 351, 3, 575.8102, 977.8991),
(1154, 351, 3, 864.0779, 1146.6593),
(1155, 351, 3, 564.841858, 1428.96875),
(1156, 351, 3, 687.8541, 942.7208),
(1157, 351, 3, 1084.72668, 1227.87317),
(1158, 351, 3, 1119.72144, 1343.77747),
(1159, 351, 3, 718.3036, 865.2693),
(1160, 351, 3, 1321.35132, 1314.65686),
(1161, 351, 3, 613.007141, 1162.064),
(1162, 351, 3, 1560.0874, 459.1865),
(1163, 351, 3, 789.5676, 1492.55334),
(1164, 351, 3, 865.725037, 769.161133),
(1165, 351, 3, 866.1221, 678.1616),
(1166, 351, 3, 1794.56909, 1004.36011),
(1167, 351, 3, 802.450439, 831.8859),
(1168, 351, 3, 1138.52759, 1502.86182),
(1169, 351, 3, 613.5329, 1041.56458),
(1170, 351, 3, 575.7469, 992.399048),
(1171, 351, 3, 866.5563, 578.6621),
(1172, 351, 3, 1377.58826, 458.3902),
(1173, 351, 3, 688.0016, 934.388),
(1174, 351, 3, 866.2225, 655.161743),
(1175, 351, 3, 1321.28369, 1330.15674),
(1176, 351, 3, 1321.15283, 1360.15662),
(1177, 351, 3, 613.7882, 983.0649),
(1178, 351, 3, 943.5658, 920.5029),
(1179, 351, 3, 613.0879, 1143.56409),
(1180, 351, 3, 874.5705, 919.201843),
(1181, 351, 3, 875.5709, 1033.70789),
(1182, 351, 3, 613.738, 994.5648),
(1183, 351, 3, 864.045166, 1154.15918),
(1184, 351, 3, 576.661, 782.9001),
(1185, 351, 3, 1138.68237, 1467.36194),
(1186, 351, 3, 1138.76965, 1447.362),
(1187, 351, 3, 571.8627, 1424.22144),
(1188, 351, 3, 613.709656, 1001.06482),
(1189, 351, 3, 577.8094, 748.9046),
(1190, 351, 3, 575.770935, 986.899048),
(1191, 351, 3, 614.386, 846.065552),
(1192, 351, 3, 1104.11292, 1292.20862),
(1193, 351, 3, 575.9891, 936.8993),
(1194, 351, 3, 630.926941, 722.136),
(1195, 351, 3, 1295.314, 1208.54175),
(1196, 351, 3, 1298.33142, 1204.55481),
(1197, 351, 3, 901.56604, 920.319641),
(1198, 351, 3, 784.062, 1493.815),
(1199, 351, 3, 823.105469, 1483.98523),
(1200, 351, 3, 614.1656, 896.5653),
(1201, 351, 3, 577.372864, 1421.91211),
(1202, 351, 3, 1062.401, 1417.02844),
(1203, 351, 3, 865.7578, 761.6612),
(1204, 351, 3, 1128.09924, 1371.81445),
(1205, 351, 3, 1127.1123, 1368.81),
(1206, 351, 3, 1122.18652, 1351.78833),
(1207, 351, 3, 1121.19958, 1348.784),
(1208, 351, 3, 1116.26941, 1332.76221),
(1209, 351, 3, 1110.35669, 1312.73621),
(1210, 351, 3, 1107.396, 1303.72314),
(1211, 351, 3, 1106.409, 1300.71875),
(1212, 351, 3, 1105.43091, 1295.71448),
(1213, 351, 3, 1321.4342, 1295.657),
(1214, 351, 3, 1321.59131, 1259.6571),
(1215, 351, 3, 1643.92285, 382.5512),
(1216, 354, 3, 564.356, 1049.78259),
(1217, 354, 3, 602.4874, 1063.89319),
(1218, 354, 3, 585.6685, 1310.96863),
(1219, 354, 3, 852.4397, 1252.02539),
(1220, 354, 3, 565.1265, 856.566467),
(1221, 354, 3, 545.3797, 1460.91272),
(1222, 354, 3, 1000.01025, 887.3395),
(1223, 354, 3, 831.32666, 1442.373),
(1224, 354, 3, 999.3439, 1020.21533),
(1225, 354, 3, 615.7512, 1437.45532),
(1226, 354, 3, 1517.15625, 1515.12061),
(1227, 354, 3, 603.2049, 899.7048),
(1228, 354, 3, 1092.43384, 1296.25964),
(1229, 354, 3, 1698.86658, 973.1126),
(1230, 354, 3, 764.9474, 1511.363),
(1231, 354, 3, 676.9092, 941.6883),
(1232, 354, 3, 1071.79663, 1228.48132),
(1233, 354, 3, 1042.54919, 1130.70789),
(1234, 354, 3, 603.358, 747.885437),
(1235, 354, 3, 1110.89392, 1357.21265),
(1236, 354, 3, 1124.3811, 1403.171),
(1237, 354, 3, 1102.5575, 1330.20093),
(1238, 354, 3, 855.1151, 655.6475),
(1239, 354, 3, 1128.29492, 1475.61353),
(1240, 354, 3, 854.6266, 767.6041),
(1241, 354, 3, 603.15625, 850.3467),
(1242, 354, 3, 1059.91016, 1188.34436),
(1243, 354, 3, 566.1615, 761.2025),
(1244, 354, 3, 1310.569, 1372.91919),
(1245, 354, 3, 1081.22375, 1258.79688),
(1246, 354, 3, 1028.80347, 1084.52576),
(1247, 354, 3, 1785.33325, 1061.2616),
(1248, 354, 3, 854.7396, 708.960938),
(1249, 354, 3, 705.505859, 1004.72571),
(1250, 354, 3, 603.5545, 793.5536),
(1251, 354, 3, 1729.36536, 983.781),
(1252, 354, 3, 603.44635, 775.365356),
(1253, 354, 3, 1033.53271, 1100.74658),
(1254, 354, 3, 692.3994, 980.3333),
(1255, 354, 3, 1127.66357, 1510.32971),
(1256, 354, 3, 1786.29077, 1044.03027),
(1257, 354, 3, 603.332031, 822.411),
(1258, 354, 3, 1128.21326, 1455.52832),
(1259, 354, 3, 1117.00586, 1378.0238),
(1260, 354, 3, 1065.03333, 1204.8855),
(1261, 354, 3, 691.1711, 901.249939),
(1262, 354, 3, 1310.06482, 1323.4563),
(1263, 354, 3, 1603.97, 1460.7406),
(1264, 354, 3, 1051.66357, 1159.93762),
(1265, 354, 3, 1268.26526, 1048.21448),
(1266, 354, 3, 1579.83569, 1453.24634),
(1267, 354, 3, 1287.593, 1059.10449),
(1268, 354, 3, 603.1977, 832.3651),
(1269, 354, 3, 1765.25952, 993.8128),
(1270, 354, 3, 557.2369, 422.1588),
(1271, 354, 3, 1292.70483, 1205.37891),
(1272, 354, 3, 702.275635, 880.2981),
(1273, 354, 3, 854.5891, 743.460754),
(1274, 354, 3, 1786.341, 1032.53027),
(1275, 354, 3, 854.3404, 800.460449),
(1276, 354, 3, 685.7756, 967.560669),
(1277, 354, 3, 588.1033, 662.9635),
(1278, 354, 3, 1474.06079, 408.159),
(1279, 354, 3, 1788.03687, 873.035461),
(1280, 354, 3, 1784.39551, 1020.02167),
(1281, 354, 3, 1560.30286, 1453.04993),
(1282, 354, 3, 1310.00159, 1337.95618),
(1283, 354, 3, 1785.37146, 1025.526),
(1284, 354, 3, 548.8735, 448.122681),
(1285, 354, 3, 701.231567, 996.795166),
(1286, 354, 3, 552.9607, 428.1402),
(1287, 354, 3, 1267.9447, 1236.27124),
(1288, 354, 3, 1517.80542, 466.850677),
(1289, 354, 3, 1789.16333, 844.04),
(1290, 354, 3, 575.0326, 411.736328),
(1291, 354, 3, 829.3756, 1479.86108),
(1292, 354, 3, 1310.1543, 1302.95642),
(1293, 354, 3, 565.4182, 781.6996),
(1294, 354, 3, 1684.502, 918.9177),
(1295, 354, 3, 612.0804, 400.897827),
(1296, 354, 3, 855.128, 619.961365),
(1297, 354, 3, 1048.81226, 1151.314),
(1298, 354, 3, 1789.14819, 847.54),
(1299, 354, 3, 819.7162, 828.8098),
(1300, 354, 3, 1307.387, 1020.44031),
(1301, 354, 3, 587.860962, 680.296),
(1302, 354, 3, 1572.00281, 1453.10107),
(1303, 354, 3, 587.887146, 674.2961),
(1304, 354, 3, 560.0799, 1432.18542),
(1305, 354, 3, 854.3622, 795.4605),
(1306, 354, 3, 602.783142, 927.3646),
(1307, 354, 3, 857.288452, 926.9751),
(1308, 354, 3, 1310.3092, 1267.45654),
(1309, 354, 3, 1077.39758, 1246.44),
(1310, 354, 3, 1264.92725, 1240.25818),
(1311, 354, 3, 1271.96643, 1231.28882),
(1312, 354, 3, 1280.01, 1221.32373),
(1313, 354, 3, 1680.33228, 919.566162),
(1314, 354, 3, 565.446533, 775.1996),
(1315, 354, 3, 1300.119, 1196.41113),
(1316, 355, 8, 0, 0),
(1317, 357, 3, 853.1794, 1271.07886),
(1318, 357, 3, 832.3159, 1451.375),
(1319, 357, 3, 1786.25281, 1049.12073),
(1320, 357, 3, 1000.12378, 1034.3927),
(1321, 357, 3, 1000.57867, 897.964355),
(1322, 357, 3, 1517.63293, 1524.482),
(1323, 357, 3, 546.741333, 1462.233),
(1324, 357, 3, 565.028442, 1085.757),
(1325, 357, 3, 564.8715, 1147.92212),
(1326, 357, 3, 765.1588, 1519.06445),
(1327, 357, 3, 1125.26038, 1414.17871),
(1328, 357, 3, 585.754761, 1388.2688),
(1329, 357, 3, 565.6336, 951.2304),
(1330, 357, 3, 1695.01636, 981.730042),
(1331, 357, 3, 586.368164, 1241.325),
(1332, 357, 3, 565.260559, 1036.73),
(1333, 357, 3, 1311.48132, 1382.73083),
(1334, 357, 3, 585.9231, 1343.32446),
(1335, 357, 3, 1789.64465, 860.969849),
(1336, 357, 3, 1103.0293, 1340.58069),
(1337, 357, 3, 565.9434, 880.2307),
(1338, 357, 3, 586.1107, 1300.32471),
(1339, 357, 3, 1129.14978, 1489.554),
(1340, 357, 3, 566.185547, 824.731),
(1341, 357, 3, 566.065552, 852.2309),
(1342, 357, 3, 1073, 1241.32324),
(1343, 357, 3, 1110.56543, 1365.88062),
(1344, 357, 3, 1788.957, 881.067139),
(1345, 357, 3, 1311.14282, 1333.48865),
(1346, 357, 3, 1092.75635, 1306.7854),
(1347, 357, 3, 586.006, 1324.32446),
(1348, 357, 3, 1097.02747, 1321.0542),
(1349, 357, 3, 1129.0968, 1465.69617),
(1350, 357, 3, 1069.526, 1229.63293),
(1351, 357, 3, 1788.23291, 894.2308),
(1352, 357, 3, 565.3587, 1014.23004),
(1353, 357, 3, 793.2113, 1507.12012),
(1354, 357, 3, 678.1415, 937.054443),
(1355, 357, 3, 568.222, 765.4613),
(1356, 357, 3, 602.797852, 1142.89526),
(1357, 357, 3, 1787.33044, 910.0604),
(1358, 357, 3, 708.791748, 882.7112),
(1359, 357, 3, 855.727356, 701.4927),
(1360, 357, 3, 784.200256, 1509.62048),
(1361, 357, 3, 602.647339, 1177.395),
(1362, 357, 3, 939.1929, 938.860168),
(1363, 357, 3, 564.9071, 1117.72949),
(1364, 357, 3, 861.197632, 937.519836),
(1365, 357, 3, 1311.07739, 1348.48853),
(1366, 357, 3, 864.698, 1052.03674),
(1367, 357, 3, 1317.043, 1089.011),
(1368, 357, 3, 1317.00159, 1098.51086),
(1369, 357, 3, 1604.97522, 1472.17261),
(1370, 357, 3, 1090.52783, 1435.52747),
(1371, 357, 3, 1263.63171, 1412.28247),
(1372, 357, 3, 855.2867, 802.4921),
(1373, 357, 3, 586.202332, 1279.32471),
(1374, 357, 3, 855.36084, 785.4922),
(1375, 357, 3, 603.999939, 867.3966),
(1376, 357, 3, 677.5894, 961.719),
(1377, 357, 3, 580.9461, 421.289734),
(1378, 357, 3, 684.546448, 925.7489),
(1379, 357, 3, 1041.58057, 1136.80969),
(1380, 357, 3, 1128.15894, 1520.19287),
(1381, 357, 3, 603.0902, 1075.89551),
(1382, 357, 3, 1288.12927, 1069.13452),
(1383, 357, 3, 716.4492, 879.387451),
(1384, 357, 3, 1296.75647, 1211.92419),
(1385, 357, 3, 1061.54248, 1202.89771),
(1386, 357, 3, 1474.9657, 419.690552),
(1387, 357, 3, 1311.71143, 1164.98877),
(1388, 357, 3, 933.6929, 938.8362),
(1389, 357, 3, 578.496033, 753.617065),
(1390, 357, 3, 1264.40918, 1463.28662),
(1391, 357, 3, 603.1098, 1071.39563),
(1392, 357, 3, 565.192932, 1052.22986),
(1393, 357, 3, 1311.06348, 1313.488),
(1394, 357, 3, 774.1891, 1512.14819),
(1395, 357, 3, 1266.00525, 1250.29053),
(1396, 357, 3, 1311.39771, 1160.4873),
(1397, 357, 3, 949.692749, 938.905945),
(1398, 357, 3, 602.771667, 1148.89526),
(1399, 357, 3, 1043.79565, 1144.81946),
(1400, 357, 3, 1034.93091, 1113.7804),
(1401, 357, 3, 1033.94409, 1110.776),
(1402, 357, 3, 784.564453, 853.184265),
(1403, 357, 3, 777.6935, 1511.16357),
(1404, 357, 3, 1316.97754, 1104.01086),
(1405, 357, 3, 603.011658, 1093.89551),
(1406, 357, 3, 1028.027, 1091.74988),
(1407, 357, 3, 692.8141, 910.2847),
(1408, 357, 3, 787.568848, 852.1974),
(1409, 357, 3, 586.006165, 751.316467),
(1410, 357, 3, 575.4418, 422.265747),
(1411, 357, 3, 1117.72632, 1390.14551),
(1412, 357, 3, 1116.73938, 1387.14111),
(1413, 357, 3, 1114.77869, 1378.13245),
(1414, 357, 3, 566.2379, 812.7311),
(1415, 357, 3, 1095.058, 1314.04553),
(1416, 357, 3, 1783.35486, 1019.04462),
(1417, 357, 3, 1090.12781, 1298.0238),
(1418, 357, 3, 603.4349, 996.895935);
INSERT INTO `hgadefect` (`id`, `hgainfo_view_id`, `defectId`, `coordinateX`, `coordinateY`) VALUES
(1419, 357, 3, 1089.14087, 1295.01941),
(1420, 357, 3, 1088.15845, 1291.01514),
(1421, 357, 3, 603.4567, 991.896),
(1422, 357, 3, 804.7239, 1504.28137),
(1423, 357, 3, 1311.21838, 1277.98816),
(1424, 357, 3, 603.971558, 873.8966),
(1425, 357, 3, 677.622131, 954.219055),
(1426, 357, 3, 1060.55994, 1198.89331),
(1427, 357, 3, 677.635254, 951.219055),
(1428, 357, 3, 756.5166, 864.062),
(1429, 357, 3, 1046.75635, 1153.83252),
(1430, 357, 3, 1485.21472, 477.2361),
(1431, 360, 3, 1517.34338, 1475.94006),
(1432, 360, 3, 1000.07751, 1000.68127),
(1433, 360, 3, 564.8982, 1109.134),
(1434, 360, 3, 831.5377, 1421.80176),
(1435, 360, 3, 765.253052, 1470.44189),
(1436, 360, 3, 1695.291, 934.6022),
(1437, 360, 3, 565.821045, 897.635),
(1438, 360, 3, 1684.34692, 882.5708),
(1439, 360, 3, 831.6293, 1400.80188),
(1440, 360, 3, 542.521667, 1424.54077),
(1441, 360, 3, 1002.11774, 831.0378),
(1442, 360, 3, 831.485352, 1433.80176),
(1443, 360, 3, 840.3566, 852.1656),
(1444, 360, 3, 831.662, 1393.302),
(1445, 360, 3, 1001.08722, 838.0334),
(1446, 360, 3, 1571.87329, 430.518127),
(1447, 360, 3, 865.357056, 1004.94348),
(1448, 360, 3, 840.0029, 856.83075),
(1449, 360, 3, 565.7294, 918.6349),
(1450, 360, 3, 565.1687, 1047.13428),
(1451, 360, 3, 852.934631, 1330.8938),
(1452, 360, 3, 852.9521, 1326.89392),
(1453, 360, 3, 853.109131, 1290.894),
(1454, 360, 3, 853.1615, 1278.89417),
(1455, 360, 3, 943.4054, 1223.28711),
(1456, 360, 3, 565.7643, 910.634949),
(1457, 360, 3, 853.4146, 1220.89441),
(1458, 360, 3, 942.4185, 1220.28271),
(1459, 360, 3, 575.6008, 375.170349),
(1460, 363, 3, 1014.89221, 1017.97888),
(1461, 363, 3, 1015.21735, 883.715637),
(1462, 363, 3, 1531.89539, 1511.00537),
(1463, 363, 3, 617.939941, 1075.2926),
(1464, 363, 3, 1710.45435, 969.09375),
(1465, 363, 3, 1801.94971, 1040.21826),
(1466, 363, 3, 618.8606, 864.29364),
(1467, 363, 3, 692.565735, 932.1162),
(1468, 363, 3, 618.145, 1028.29285),
(1469, 363, 3, 557.7044, 1458.53516),
(1470, 363, 3, 1015.66968, 909.3334),
(1471, 363, 3, 867.7169, 1356.38647),
(1472, 363, 3, 1803.88086, 863.464233),
(1473, 363, 3, 779.465759, 1509.17017),
(1474, 363, 3, 846.3724, 1435.29443),
(1475, 363, 3, 846.422546, 1423.79443),
(1476, 363, 3, 1138.939, 1398.07043),
(1477, 363, 3, 617.748, 1119.29236),
(1478, 363, 3, 617.4828, 1151.41663),
(1479, 363, 3, 868.133667, 1260.88684),
(1480, 363, 3, 618.3283, 986.293),
(1481, 363, 3, 867.634033, 1375.38635),
(1482, 363, 3, 1800.99512, 1066.45447),
(1483, 363, 3, 867.904541, 1313.3866),
(1484, 363, 3, 846.2349, 1466.79419),
(1485, 363, 3, 580.0558, 1048.627),
(1486, 363, 3, 867.858765, 1323.8866),
(1487, 363, 3, 579.9358, 1076.12683),
(1488, 363, 3, 1325.67542, 1367.38477),
(1489, 363, 3, 1325.81506, 1335.38489),
(1490, 363, 3, 868.5482, 1165.88733),
(1491, 363, 3, 867.793335, 1338.88647),
(1492, 363, 3, 618.073, 1044.79272),
(1493, 363, 3, 867.819458, 1332.88647),
(1494, 363, 3, 724.340454, 869.253967),
(1495, 363, 3, 579.8245, 1101.62671),
(1496, 363, 3, 1143.21387, 1472.59009),
(1497, 363, 3, 1143.301, 1452.59021),
(1498, 363, 3, 576.394043, 1429.44971),
(1499, 363, 3, 1325.96777, 1300.38513),
(1500, 363, 3, 619.248962, 775.294067),
(1501, 363, 3, 618.423462, 735.2899),
(1502, 363, 3, 617.7196, 1125.79236),
(1503, 363, 3, 618.395935, 970.7931),
(1504, 363, 3, 559.223267, 1468.542),
(1505, 363, 3, 579.8507, 1095.62671),
(1506, 363, 3, 618.4134, 966.793152),
(1507, 363, 3, 1131.64368, 1374.03821),
(1508, 363, 3, 1120.80078, 1337.99048),
(1509, 363, 3, 618.5355, 938.7933),
(1510, 363, 3, 1803.81763, 877.9642),
(1511, 363, 3, 618.090454, 1040.79272),
(1512, 363, 3, 1089.25476, 1233.85132),
(1513, 363, 3, 1088.26782, 1230.84692),
(1514, 363, 3, 1084.32458, 1217.82959),
(1515, 363, 3, 1799.2417, 1009.94604),
(1516, 363, 3, 1015.70374, 901.5257),
(1517, 366, 3, 633.793945, 966.590637),
(1518, 366, 3, 616.7682, 1282.584),
(1519, 366, 3, 595.25116, 1010.4201),
(1520, 366, 3, 634.6703, 735.1525),
(1521, 366, 3, 1030.40674, 994.7666),
(1522, 366, 3, 1031.04016, 855.147644),
(1523, 366, 3, 596.3856, 798.8756),
(1524, 366, 3, 883.055664, 1326.518),
(1525, 366, 3, 861.9379, 1413.90027),
(1526, 366, 3, 574.4289, 1438.24438),
(1527, 366, 3, 649.386, 1415.51465),
(1528, 366, 3, 883.5624, 1204.92322),
(1529, 366, 3, 595.384155, 1118.19092),
(1530, 366, 3, 883.8613, 1136.42358),
(1531, 366, 3, 794.938232, 1482.511),
(1532, 366, 3, 1155.2738, 1375.43372),
(1533, 366, 3, 619.5259, 631.2988),
(1534, 366, 3, 1102.43176, 1200.30127),
(1535, 366, 3, 883.4206, 1237.4231),
(1536, 366, 3, 1547.55566, 1487.60693),
(1537, 366, 3, 595.979065, 858.48175),
(1538, 366, 3, 1140.75586, 1326.936),
(1539, 366, 3, 707.8614, 906.6524),
(1540, 366, 3, 884.0184, 1100.42371),
(1541, 366, 3, 619.3714, 662.151733),
(1542, 366, 3, 597.2704, 731.667358),
(1543, 366, 3, 1134.252, 1305.51843),
(1544, 366, 3, 883.283142, 1268.92285),
(1545, 366, 3, 883.75, 1161.92346),
(1546, 366, 3, 595.953552, 885.1638),
(1547, 366, 3, 596.546936, 749.1645),
(1548, 366, 3, 1127.13831, 1282.078),
(1549, 366, 3, 595.8794, 902.1637),
(1550, 366, 3, 740.9387, 843.1958),
(1551, 366, 3, 707.90094, 923.0417),
(1552, 366, 3, 1124.27173, 1272.30786),
(1553, 366, 3, 874.8124, 791.10144),
(1554, 366, 3, 1118.85181, 1253.95056),
(1555, 366, 3, 1147.78931, 1350.22107),
(1556, 366, 3, 619.129333, 615.7611),
(1557, 366, 3, 1130.67932, 1293.50269),
(1558, 366, 3, 599.633057, 385.672852),
(1559, 366, 3, 1070.64575, 1094.738),
(1560, 366, 3, 618.9766, 650.761),
(1561, 366, 3, 1724.91882, 942.590637),
(1562, 366, 3, 1341.11072, 1309.92114),
(1563, 366, 3, 1111.06531, 1227.91626),
(1564, 366, 3, 883.6846, 1176.92334),
(1565, 366, 3, 1092.13586, 1165.83276),
(1566, 366, 3, 1340.97327, 1341.4209),
(1567, 366, 3, 1574.41431, 438.926849),
(1568, 366, 3, 1158.75842, 1447.37744),
(1569, 366, 3, 1078.43884, 1119.27234),
(1570, 366, 3, 588.0938, 394.62262),
(1571, 366, 3, 888.8976, 898.9422),
(1572, 366, 3, 602.675659, 719.6908),
(1573, 366, 3, 723.349548, 871.2195),
(1574, 366, 3, 1088.78833, 1153.818),
(1575, 366, 3, 1158.36108, 1481.12622),
(1576, 366, 3, 643.1895, 372.862732),
(1577, 366, 3, 1159.46143, 1458.13062),
(1578, 366, 3, 1158.59668, 1427.12646),
(1579, 366, 3, 1065.13086, 1075.21362),
(1580, 366, 3, 1138.07458, 1317.53528),
(1581, 366, 3, 1122.29724, 1266.46582),
(1582, 366, 3, 962.3928, 900.2629),
(1583, 366, 3, 1095.69006, 1176.34839),
(1584, 366, 3, 1090.75989, 1160.32666),
(1585, 366, 3, 885.702637, 714.425659),
(1586, 366, 3, 1089.773, 1157.32227),
(1587, 366, 3, 596.1237, 846.164),
(1588, 366, 3, 885.7986, 692.4258),
(1589, 366, 3, 1159.47668, 1454.63062),
(1590, 366, 3, 639.2302, 1394.85986),
(1591, 369, 3, 1605.74658, 778.5931),
(1592, 369, 3, 1545.87378, 1458.735),
(1593, 369, 3, 1654.46985, 978.7021),
(1594, 369, 3, 1064.71875, 1378.13452),
(1595, 369, 3, 646.4246, 985.803833),
(1596, 369, 3, 1686.41, 992.5083),
(1597, 369, 3, 985.257935, 1254.286),
(1598, 369, 3, 967.4762, 1204.20776),
(1599, 369, 3, 1098.21851, 1378.28064),
(1600, 369, 3, 1012.91309, 1333.40771),
(1601, 369, 3, 1011.92621, 1330.40344),
(1602, 369, 3, 1550.405, 420.240173),
(1603, 370, 7, 833.6268, 252.697571),
(1604, 374, 57, 393.340057, 562.4425),
(1605, 375, 3, 573.0645, 848.7865),
(1606, 375, 3, 572.2775, 1131.8446),
(1607, 375, 3, 572.213135, 1007.44977),
(1608, 375, 3, 859.6327, 1375.62109),
(1609, 375, 3, 1006.89038, 1047.34692),
(1610, 375, 3, 551.579346, 1488.572),
(1611, 375, 3, 684.8098, 966.5571),
(1612, 375, 3, 593.082947, 1266.54443),
(1613, 375, 3, 592.9766, 1407.5824),
(1614, 375, 3, 772.4209, 1533.44189),
(1615, 375, 3, 624.19, 1461.74548),
(1616, 375, 3, 860.0205, 1281.70947),
(1617, 375, 3, 1007.84351, 896.2101),
(1618, 375, 3, 609.734741, 1156.50134),
(1619, 375, 3, 1078.81348, 1248.987),
(1620, 375, 3, 863.1177, 592.125),
(1621, 375, 3, 838.6306, 1449.77466),
(1622, 375, 3, 610.7169, 892.11615),
(1623, 375, 3, 860.4437, 1184.70984),
(1624, 375, 3, 609.8697, 1078.64844),
(1625, 375, 3, 610.950256, 762.248657),
(1626, 375, 3, 862.1167, 809.4976),
(1627, 375, 3, 860.253357, 1236.53125),
(1628, 375, 3, 557.6922, 473.1937),
(1629, 375, 3, 1109.75964, 1351.4801),
(1630, 375, 3, 592.8822, 1312.54419),
(1631, 375, 3, 1048.906, 1149.14038),
(1632, 375, 3, 697.621765, 997.5423),
(1633, 375, 3, 1131.53687, 1424.66882),
(1634, 375, 3, 572.483643, 945.4501),
(1635, 375, 3, 1524.83813, 1543.36389),
(1636, 375, 3, 862.8103, 676.7131),
(1637, 375, 3, 1701.79285, 992.828247),
(1638, 375, 3, 710.675842, 1022.47516),
(1639, 375, 3, 609.7308, 1118.115),
(1640, 375, 3, 862.834839, 636.712646),
(1641, 375, 3, 610.0166, 1052.61536),
(1642, 375, 3, 860.6052, 1147.71008),
(1643, 375, 3, 592.6968, 1355.04407),
(1644, 375, 3, 610.1999, 1010.61554),
(1645, 375, 3, 1099.99292, 1319.35693),
(1646, 375, 3, 610.119141, 1029.11548),
(1647, 375, 3, 610.2893, 990.115662),
(1648, 375, 3, 838.113037, 1489.6167),
(1649, 375, 3, 611.2034, 780.6167),
(1650, 375, 3, 610.4093, 962.6158),
(1651, 375, 3, 1103.72253, 1331.69019),
(1652, 375, 3, 1116.52808, 1374.55713),
(1653, 375, 3, 1524.132, 1529.156),
(1654, 375, 3, 1792.89075, 1085.277),
(1655, 375, 3, 862.2523, 770.2119),
(1656, 375, 3, 1066.35193, 1206.40869),
(1657, 375, 3, 1560.07593, 1474.98889),
(1658, 375, 3, 715.04126, 894.5158),
(1659, 375, 3, 1035.79309, 1105.22388),
(1660, 375, 3, 610.843445, 863.1163),
(1661, 375, 3, 592.6226, 1372.044),
(1662, 375, 3, 862.911255, 619.2127),
(1663, 375, 3, 592.665039, 1333.66858),
(1664, 375, 3, 838.1654, 1477.61682),
(1665, 375, 3, 620.0524, 422.364563),
(1666, 375, 3, 611.151062, 792.616638),
(1667, 375, 3, 610.3613, 973.6157),
(1668, 375, 3, 595.6311, 682.547363),
(1669, 375, 3, 778.920654, 420.343445),
(1670, 375, 3, 1591.18567, 1475.40234),
(1671, 375, 3, 592.749146, 1343.04407),
(1672, 375, 3, 1087.54333, 1277.20215),
(1673, 375, 3, 554.6105, 1466.37939),
(1674, 375, 3, 1098.30371, 1446.75146),
(1675, 375, 3, 1124.10864, 1399.8634),
(1676, 375, 3, 611.120544, 799.6166),
(1677, 375, 3, 859.854736, 1319.70923),
(1678, 375, 3, 1068.71179, 1215.619),
(1679, 375, 3, 609.4232, 1188.61462),
(1680, 375, 3, 1054.12573, 1166.55469),
(1681, 375, 3, 1007.632, 912.848267),
(1682, 375, 3, 1315.32422, 1041.69263),
(1683, 375, 3, 556.5978, 460.873962),
(1684, 375, 3, 860.1405, 1254.20947),
(1685, 375, 3, 1261.98389, 1062.21021),
(1686, 375, 3, 863.107544, 574.2129),
(1687, 375, 3, 1008.03821, 934.350342),
(1688, 375, 3, 610.5598, 928.115967),
(1689, 375, 3, 1007.6037, 919.348267),
(1690, 375, 3, 872.306458, 1063.42664),
(1691, 375, 3, 558.232239, 1461.39514),
(1692, 375, 3, 690.650635, 983.9662),
(1693, 375, 3, 1304.62219, 1221.64844),
(1694, 375, 3, 924.4689, 949.985962),
(1695, 375, 3, 1692.187, 940.668945),
(1696, 375, 3, 780.137268, 414.348633),
(1697, 375, 3, 1413.491, 488.1132),
(1698, 375, 3, 1481.74377, 430.410217),
(1699, 375, 3, 699.9255, 921.0058),
(1700, 375, 3, 1037.768, 1110.98254),
(1701, 375, 3, 609.787537, 1105.11511),
(1702, 375, 3, 609.805, 1101.11511),
(1703, 375, 3, 1135.1748, 1476.41272),
(1704, 375, 3, 1272.685, 1474.5127),
(1705, 375, 3, 1367.689, 1473.92725),
(1706, 375, 3, 615.803955, 1445.14612),
(1707, 375, 3, 842.846436, 1436.13672),
(1708, 375, 3, 862.8807, 626.212646),
(1709, 375, 3, 702.2234, 1005.517),
(1710, 375, 3, 859.822, 1327.20923),
(1711, 375, 3, 859.8961, 1310.20923),
(1712, 375, 3, 692.302, 987.47345),
(1713, 375, 3, 862.9374, 613.212769),
(1714, 375, 3, 1090.99536, 1288.21729),
(1715, 375, 3, 1090.00842, 1285.21289),
(1716, 375, 3, 862.182556, 786.211853),
(1717, 375, 3, 1086.06519, 1272.19556),
(1718, 375, 3, 826.605164, 460.052063),
(1719, 375, 3, 982.9642, 951.2412),
(1720, 375, 3, 581.425537, 1187.99243),
(1721, 375, 3, 862.4705, 720.212158),
(1722, 375, 3, 860.520142, 1167.21),
(1723, 375, 3, 862.597046, 691.212341),
(1724, 375, 3, 609.63916, 1139.11487),
(1725, 375, 3, 1042.69373, 1128.00427),
(1726, 375, 3, 1041.70679, 1125),
(1727, 378, 3, 573.386169, 1079.7146),
(1728, 378, 3, 574.523865, 850.7923),
(1729, 378, 3, 1008.36169, 1058.51465),
(1730, 378, 3, 1009.02283, 920.221558),
(1731, 378, 3, 552.7083, 1501.68652),
(1732, 378, 3, 573.8155, 972.207947),
(1733, 378, 3, 594.3415, 1310.09717),
(1734, 378, 3, 861.6666, 1236.4292),
(1735, 378, 3, 686.430847, 984.3277),
(1736, 378, 3, 574.6213, 1187.28064),
(1737, 378, 3, 1705.05542, 1005.31641),
(1738, 378, 3, 1080.94714, 1263.33374),
(1739, 378, 3, 861.422363, 1292.429),
(1740, 378, 3, 828.0543, 512.3152),
(1741, 378, 3, 612.125244, 901.335632),
(1742, 378, 3, 861.140869, 1356.92859),
(1743, 378, 3, 839.7628, 1466.43677),
(1744, 378, 3, 611.2651, 1090.83459),
(1745, 378, 3, 597.346, 684.733643),
(1746, 378, 3, 594.5393, 1264.764),
(1747, 378, 3, 610.9799, 1163.83435),
(1748, 378, 3, 1050.17285, 1160.8811),
(1749, 378, 3, 864.3632, 618.432251),
(1750, 378, 3, 561.5467, 492.063751),
(1751, 378, 3, 594.153137, 1353.26355),
(1752, 378, 3, 594.0528, 1376.26343),
(1753, 378, 3, 839.527954, 1497.33618),
(1754, 378, 3, 696.4842, 1004.87183),
(1755, 378, 3, 1099.13757, 1324.06653),
(1756, 378, 3, 860.8922, 1413.92822),
(1757, 378, 3, 612.420532, 773.36145),
(1758, 378, 3, 861.932861, 1188.15186),
(1759, 378, 3, 611.616943, 1017.83508),
(1760, 378, 3, 860.985962, 1392.42847),
(1761, 378, 3, 864.7506, 586.9335),
(1762, 378, 3, 773.3775, 1546.88159),
(1763, 378, 3, 714.261353, 1038.54993),
(1764, 378, 3, 1525.46692, 1544.09644),
(1765, 378, 3, 621.7651, 433.871155),
(1766, 378, 3, 706.449, 1023.89178),
(1767, 378, 3, 612.5289, 808.8361),
(1768, 378, 3, 1117.86292, 1386.203),
(1769, 378, 3, 863.6345, 785.4314),
(1770, 378, 3, 612.1371, 940.2908),
(1771, 378, 3, 780.712158, 434.019226),
(1772, 378, 3, 612.2409, 874.835754),
(1773, 378, 3, 611.501343, 1044.335),
(1774, 378, 3, 593.9175, 1407.26331),
(1775, 378, 3, 618.792664, 1458.87256),
(1776, 378, 3, 584.315063, 1201.51855),
(1777, 378, 3, 626.418457, 1475.90613),
(1778, 378, 3, 864.646851, 553.432556),
(1779, 378, 3, 863.8134, 744.431641),
(1780, 378, 3, 1794.01831, 1056.99475),
(1781, 378, 3, 596.5573, 1438.88635),
(1782, 378, 3, 863.523254, 810.9313),
(1783, 378, 3, 611.6955, 999.835144),
(1784, 378, 3, 612.6074, 790.8362),
(1785, 378, 3, 1105.08813, 1344.32617),
(1786, 378, 3, 1009.27118, 945.569153),
(1787, 378, 3, 1043.3241, 1137.276),
(1788, 378, 3, 863.429443, 832.431152),
(1789, 378, 3, 861.989563, 1162.42957),
(1790, 378, 3, 574.0076, 928.1697),
(1791, 378, 3, 611.5428, 1034.835),
(1792, 378, 3, 1471.86755, 1487.02368),
(1793, 378, 3, 573.9706, 936.6697),
(1794, 378, 3, 611.189331, 1115.83459),
(1795, 378, 3, 1525.71094, 1555.831),
(1796, 378, 3, 1722.80884, 1468.547),
(1797, 378, 3, 612.4438, 828.336),
(1798, 378, 3, 611.7631, 984.3352),
(1799, 378, 3, 611.828552, 969.3353),
(1800, 378, 3, 1693.75037, 952.5558),
(1801, 378, 3, 612.3522, 849.3359),
(1802, 378, 3, 611.464233, 1052.83484),
(1803, 378, 3, 623.256, 1467.29224),
(1804, 378, 3, 863.9945, 702.9318),
(1805, 378, 3, 1483.14331, 441.6297),
(1806, 378, 3, 864.0294, 694.9319),
(1807, 378, 3, 1316.87036, 1053.71277),
(1808, 378, 3, 686.0653, 961.1591),
(1809, 378, 3, 1070.3053, 1228.23938),
(1810, 378, 3, 629.1748, 1485.91821),
(1811, 378, 3, 863.9705, 708.431763),
(1812, 378, 3, 569.118652, 501.642365),
(1813, 378, 3, 1319.88257, 1188.42786),
(1814, 378, 3, 862.0376, 1151.42957),
(1815, 378, 3, 862.0768, 1142.42969),
(1816, 378, 3, 863.778564, 752.4316),
(1817, 378, 3, 1746.74268, 1107.28918),
(1818, 378, 3, 611.440247, 1058.33484),
(1819, 378, 3, 1574.91357, 1487.71143),
(1820, 378, 3, 1416.24915, 1486.68579),
(1821, 378, 3, 611.8002, 975.835266),
(1822, 378, 3, 1072.67651, 1234.84985),
(1823, 378, 3, 610.8141, 1201.83411),
(1824, 378, 3, 586.6672, 777.056152),
(1825, 378, 3, 1059.86426, 1191.79333),
(1826, 378, 3, 611.163147, 1121.83459),
(1827, 378, 3, 612.3282, 854.8359),
(1828, 378, 3, 863.8723, 730.9317),
(1829, 378, 3, 1526.88574, 500.821381),
(1830, 378, 3, 1547.58118, 1487.42554),
(1831, 378, 3, 845.4652, 1053.356),
(1832, 378, 3, 596.9238, 718.2667),
(1833, 378, 3, 621.673035, 1463.38525),
(1834, 378, 3, 1130.82324, 1430.60632),
(1835, 378, 3, 1125.89746, 1413.58459),
(1836, 378, 3, 1124.91052, 1410.5802),
(1837, 378, 3, 909.529541, 809.632),
(1838, 378, 3, 1110.12439, 1361.515),
(1839, 378, 3, 1109.14185, 1357.51074),
(1840, 378, 3, 1089.42993, 1291.42371),
(1841, 378, 3, 1088.443, 1288.41943),
(1842, 378, 3, 1297.13391, 1245.32935),
(1843, 378, 3, 685.845642, 965.6582),
(1844, 378, 3, 580.144653, 782.194458),
(1845, 378, 3, 1068.73108, 1222.33252),
(1846, 378, 3, 1067.74414, 1219.32813),
(1847, 378, 3, 611.9289, 946.3354),
(1848, 378, 3, 594.1773, 774.755554),
(1849, 378, 3, 1041.13269, 1130.21069),
(1850, 378, 3, 1796.01465, 930.5017),
(1851, 378, 3, 1037.185, 1118.19336),
(1852, 378, 3, 1296.79724, 1093.32581),
(1853, 378, 3, 877.1371, 899.491943),
(1854, 378, 3, 597.8671, 731.271),
(1855, 378, 3, 611.37915, 1072.33484),
(1856, 378, 3, 1795.39063, 1073.501),
(1857, 381, 3, 863.475, 1294.90015),
(1858, 381, 3, 1010.59222, 1017.56207),
(1859, 381, 3, 842.7479, 1432.29639),
(1860, 381, 3, 1011.06293, 873.125732),
(1861, 381, 3, 1527.91113, 1505.15039),
(1862, 381, 3, 575.3126, 1128.59912),
(1863, 381, 3, 554.349243, 1449.19507),
(1864, 381, 3, 775.750854, 1500.344),
(1865, 381, 3, 596.302551, 1323.49341),
(1866, 381, 3, 576.554138, 807.399963),
(1867, 381, 3, 596.21106, 1371.10986),
(1868, 381, 3, 864.1848, 1122.15942),
(1869, 381, 3, 575.3433, 1084.89856),
(1870, 381, 3, 596.8348, 1221.16565),
(1871, 381, 3, 575.904, 956.399231),
(1872, 381, 3, 1135.45813, 1395.98975),
(1873, 381, 3, 863.9579, 1174.15918),
(1874, 381, 3, 575.64, 1016.89893),
(1875, 381, 3, 1283.46973, 1223.23022),
(1876, 381, 3, 575.4851, 1052.39868),
(1877, 381, 3, 596.4749, 1283.99353),
(1878, 381, 3, 613.3606, 1081.06445),
(1879, 381, 3, 576.167969, 895.899536),
(1880, 381, 3, 596.610168, 1252.99377),
(1881, 381, 3, 1080.8855, 1214.3562),
(1882, 381, 3, 576.041443, 924.899353),
(1883, 381, 3, 613.352, 1121.23157),
(1884, 381, 3, 1705.01685, 962.8259),
(1885, 381, 3, 1113.382, 1322.24951),
(1886, 381, 3, 576.4189, 838.3998),
(1887, 381, 3, 813.0946, 1486.44165),
(1888, 381, 3, 593.875732, 733.7437),
(1889, 381, 3, 707.219666, 884.4712),
(1890, 381, 3, 613.6224, 1021.0647),
(1891, 381, 3, 866.1884, 701.162231),
(1892, 381, 3, 688.483032, 919.5566),
(1893, 381, 3, 1102.40076, 1417.20288),
(1894, 381, 3, 576.7178, 769.900146),
(1895, 381, 3, 576.255249, 875.8996),
(1896, 381, 3, 614.342346, 856.0655),
(1897, 381, 3, 613.491455, 1051.06458),
(1898, 381, 3, 575.8102, 977.8991),
(1899, 381, 3, 864.0779, 1146.6593),
(1900, 381, 3, 564.841858, 1428.96875),
(1901, 381, 3, 687.8541, 942.7208),
(1902, 381, 3, 1084.72668, 1227.87317),
(1903, 381, 3, 1119.72144, 1343.77747),
(1904, 381, 3, 718.3036, 865.2693),
(1905, 381, 3, 1321.35132, 1314.65686),
(1906, 381, 3, 613.007141, 1162.064),
(1907, 381, 3, 1560.0874, 459.1865),
(1908, 381, 3, 789.5676, 1492.55334),
(1909, 381, 3, 865.725037, 769.161133),
(1910, 381, 3, 866.1221, 678.1616),
(1911, 381, 3, 1794.56909, 1004.36011),
(1912, 381, 3, 802.450439, 831.8859),
(1913, 381, 3, 1138.52759, 1502.86182),
(1914, 381, 3, 613.5329, 1041.56458),
(1915, 381, 3, 575.7469, 992.399048),
(1916, 381, 3, 866.5563, 578.6621),
(1917, 381, 3, 1377.58826, 458.3902),
(1918, 381, 3, 688.0016, 934.388),
(1919, 381, 3, 866.2225, 655.161743),
(1920, 381, 3, 1321.28369, 1330.15674),
(1921, 381, 3, 1321.15283, 1360.15662),
(1922, 381, 3, 613.7882, 983.0649),
(1923, 381, 3, 943.5658, 920.5029),
(1924, 381, 3, 613.0879, 1143.56409),
(1925, 381, 3, 874.5705, 919.201843),
(1926, 381, 3, 875.5709, 1033.70789),
(1927, 381, 3, 613.738, 994.5648),
(1928, 381, 3, 864.045166, 1154.15918),
(1929, 381, 3, 576.661, 782.9001),
(1930, 381, 3, 1138.68237, 1467.36194),
(1931, 381, 3, 1138.76965, 1447.362),
(1932, 381, 3, 571.8627, 1424.22144),
(1933, 381, 3, 613.709656, 1001.06482),
(1934, 381, 3, 577.8094, 748.9046),
(1935, 381, 3, 575.770935, 986.899048),
(1936, 381, 3, 614.386, 846.065552),
(1937, 381, 3, 1104.11292, 1292.20862),
(1938, 381, 3, 575.9891, 936.8993),
(1939, 381, 3, 630.926941, 722.136),
(1940, 381, 3, 1295.314, 1208.54175),
(1941, 381, 3, 1298.33142, 1204.55481),
(1942, 381, 3, 901.56604, 920.319641),
(1943, 381, 3, 784.062, 1493.815),
(1944, 381, 3, 823.105469, 1483.98523),
(1945, 381, 3, 614.1656, 896.5653),
(1946, 381, 3, 577.372864, 1421.91211),
(1947, 381, 3, 1062.401, 1417.02844),
(1948, 381, 3, 865.7578, 761.6612),
(1949, 381, 3, 1128.09924, 1371.81445),
(1950, 381, 3, 1127.1123, 1368.81),
(1951, 381, 3, 1122.18652, 1351.78833),
(1952, 381, 3, 1121.19958, 1348.784),
(1953, 381, 3, 1116.26941, 1332.76221),
(1954, 381, 3, 1110.35669, 1312.73621),
(1955, 381, 3, 1107.396, 1303.72314),
(1956, 381, 3, 1106.409, 1300.71875),
(1957, 381, 3, 1105.43091, 1295.71448),
(1958, 381, 3, 1321.4342, 1295.657),
(1959, 381, 3, 1321.59131, 1259.6571),
(1960, 381, 3, 1643.92285, 382.5512),
(1961, 384, 3, 564.356, 1049.78259),
(1962, 384, 3, 602.4874, 1063.89319),
(1963, 384, 3, 585.6685, 1310.96863),
(1964, 384, 3, 852.4397, 1252.02539),
(1965, 384, 3, 565.1265, 856.566467),
(1966, 384, 3, 545.3797, 1460.91272),
(1967, 384, 3, 1000.01025, 887.3395),
(1968, 384, 3, 831.32666, 1442.373),
(1969, 384, 3, 999.3439, 1020.21533),
(1970, 384, 3, 615.7512, 1437.45532),
(1971, 384, 3, 1517.15625, 1515.12061),
(1972, 384, 3, 603.2049, 899.7048),
(1973, 384, 3, 1092.43384, 1296.25964),
(1974, 384, 3, 1698.86658, 973.1126),
(1975, 384, 3, 764.9474, 1511.363),
(1976, 384, 3, 676.9092, 941.6883),
(1977, 384, 3, 1071.79663, 1228.48132),
(1978, 384, 3, 1042.54919, 1130.70789),
(1979, 384, 3, 603.358, 747.885437),
(1980, 384, 3, 1110.89392, 1357.21265),
(1981, 384, 3, 1124.3811, 1403.171),
(1982, 384, 3, 1102.5575, 1330.20093),
(1983, 384, 3, 855.1151, 655.6475),
(1984, 384, 3, 1128.29492, 1475.61353),
(1985, 384, 3, 854.6266, 767.6041),
(1986, 384, 3, 603.15625, 850.3467),
(1987, 384, 3, 1059.91016, 1188.34436),
(1988, 384, 3, 566.1615, 761.2025),
(1989, 384, 3, 1310.569, 1372.91919),
(1990, 384, 3, 1081.22375, 1258.79688),
(1991, 384, 3, 1028.80347, 1084.52576),
(1992, 384, 3, 1785.33325, 1061.2616),
(1993, 384, 3, 854.7396, 708.960938),
(1994, 384, 3, 705.505859, 1004.72571),
(1995, 384, 3, 603.5545, 793.5536),
(1996, 384, 3, 1729.36536, 983.781),
(1997, 384, 3, 603.44635, 775.365356),
(1998, 384, 3, 1033.53271, 1100.74658),
(1999, 384, 3, 692.3994, 980.3333),
(2000, 384, 3, 1127.66357, 1510.32971),
(2001, 384, 3, 1786.29077, 1044.03027),
(2002, 384, 3, 603.332031, 822.411),
(2003, 384, 3, 1128.21326, 1455.52832),
(2004, 384, 3, 1117.00586, 1378.0238),
(2005, 384, 3, 1065.03333, 1204.8855),
(2006, 384, 3, 691.1711, 901.249939),
(2007, 384, 3, 1310.06482, 1323.4563),
(2008, 384, 3, 1603.97, 1460.7406),
(2009, 384, 3, 1051.66357, 1159.93762),
(2010, 384, 3, 1268.26526, 1048.21448),
(2011, 384, 3, 1579.83569, 1453.24634),
(2012, 384, 3, 1287.593, 1059.10449),
(2013, 384, 3, 603.1977, 832.3651),
(2014, 384, 3, 1765.25952, 993.8128),
(2015, 384, 3, 557.2369, 422.1588),
(2016, 384, 3, 1292.70483, 1205.37891),
(2017, 384, 3, 702.275635, 880.2981),
(2018, 384, 3, 854.5891, 743.460754),
(2019, 384, 3, 1786.341, 1032.53027),
(2020, 384, 3, 854.3404, 800.460449),
(2021, 384, 3, 685.7756, 967.560669),
(2022, 384, 3, 588.1033, 662.9635),
(2023, 384, 3, 1474.06079, 408.159),
(2024, 384, 3, 1788.03687, 873.035461),
(2025, 384, 3, 1784.39551, 1020.02167),
(2026, 384, 3, 1560.30286, 1453.04993),
(2027, 384, 3, 1310.00159, 1337.95618),
(2028, 384, 3, 1785.37146, 1025.526),
(2029, 384, 3, 548.8735, 448.122681),
(2030, 384, 3, 701.231567, 996.795166),
(2031, 384, 3, 552.9607, 428.1402),
(2032, 384, 3, 1267.9447, 1236.27124),
(2033, 384, 3, 1517.80542, 466.850677),
(2034, 384, 3, 1789.16333, 844.04),
(2035, 384, 3, 575.0326, 411.736328),
(2036, 384, 3, 829.3756, 1479.86108),
(2037, 384, 3, 1310.1543, 1302.95642),
(2038, 384, 3, 565.4182, 781.6996),
(2039, 384, 3, 1684.502, 918.9177),
(2040, 384, 3, 612.0804, 400.897827),
(2041, 384, 3, 855.128, 619.961365),
(2042, 384, 3, 1048.81226, 1151.314),
(2043, 384, 3, 1789.14819, 847.54),
(2044, 384, 3, 819.7162, 828.8098),
(2045, 384, 3, 1307.387, 1020.44031),
(2046, 384, 3, 587.860962, 680.296),
(2047, 384, 3, 1572.00281, 1453.10107),
(2048, 384, 3, 587.887146, 674.2961),
(2049, 384, 3, 560.0799, 1432.18542),
(2050, 384, 3, 854.3622, 795.4605),
(2051, 384, 3, 602.783142, 927.3646),
(2052, 384, 3, 857.288452, 926.9751),
(2053, 384, 3, 1310.3092, 1267.45654),
(2054, 384, 3, 1077.39758, 1246.44),
(2055, 384, 3, 1264.92725, 1240.25818),
(2056, 384, 3, 1271.96643, 1231.28882),
(2057, 384, 3, 1280.01, 1221.32373),
(2058, 384, 3, 1680.33228, 919.566162),
(2059, 384, 3, 565.446533, 775.1996),
(2060, 384, 3, 1300.119, 1196.41113),
(2061, 385, 8, 0, 0),
(2062, 387, 3, 853.1794, 1271.07886),
(2063, 387, 3, 832.3159, 1451.375),
(2064, 387, 3, 1786.25281, 1049.12073),
(2065, 387, 3, 1000.12378, 1034.3927),
(2066, 387, 3, 1000.57867, 897.964355),
(2067, 387, 3, 1517.63293, 1524.482),
(2068, 387, 3, 546.741333, 1462.233),
(2069, 387, 3, 565.028442, 1085.757),
(2070, 387, 3, 564.8715, 1147.92212),
(2071, 387, 3, 765.1588, 1519.06445),
(2072, 387, 3, 1125.26038, 1414.17871),
(2073, 387, 3, 585.754761, 1388.2688),
(2074, 387, 3, 565.6336, 951.2304),
(2075, 387, 3, 1695.01636, 981.730042),
(2076, 387, 3, 586.368164, 1241.325),
(2077, 387, 3, 565.260559, 1036.73),
(2078, 387, 3, 1311.48132, 1382.73083),
(2079, 387, 3, 585.9231, 1343.32446),
(2080, 387, 3, 1789.64465, 860.969849),
(2081, 387, 3, 1103.0293, 1340.58069),
(2082, 387, 3, 565.9434, 880.2307),
(2083, 387, 3, 586.1107, 1300.32471),
(2084, 387, 3, 1129.14978, 1489.554),
(2085, 387, 3, 566.185547, 824.731),
(2086, 387, 3, 566.065552, 852.2309),
(2087, 387, 3, 1073, 1241.32324),
(2088, 387, 3, 1110.56543, 1365.88062),
(2089, 387, 3, 1788.957, 881.067139),
(2090, 387, 3, 1311.14282, 1333.48865),
(2091, 387, 3, 1092.75635, 1306.7854),
(2092, 387, 3, 586.006, 1324.32446),
(2093, 387, 3, 1097.02747, 1321.0542),
(2094, 387, 3, 1129.0968, 1465.69617),
(2095, 387, 3, 1069.526, 1229.63293),
(2096, 387, 3, 1788.23291, 894.2308),
(2097, 387, 3, 565.3587, 1014.23004),
(2098, 387, 3, 793.2113, 1507.12012),
(2099, 387, 3, 678.1415, 937.054443),
(2100, 387, 3, 568.222, 765.4613),
(2101, 387, 3, 602.797852, 1142.89526),
(2102, 387, 3, 1787.33044, 910.0604),
(2103, 387, 3, 708.791748, 882.7112),
(2104, 387, 3, 855.727356, 701.4927),
(2105, 387, 3, 784.200256, 1509.62048),
(2106, 387, 3, 602.647339, 1177.395),
(2107, 387, 3, 939.1929, 938.860168),
(2108, 387, 3, 564.9071, 1117.72949),
(2109, 387, 3, 861.197632, 937.519836),
(2110, 387, 3, 1311.07739, 1348.48853),
(2111, 387, 3, 864.698, 1052.03674),
(2112, 387, 3, 1317.043, 1089.011),
(2113, 387, 3, 1317.00159, 1098.51086),
(2114, 387, 3, 1604.97522, 1472.17261),
(2115, 387, 3, 1090.52783, 1435.52747),
(2116, 387, 3, 1263.63171, 1412.28247),
(2117, 387, 3, 855.2867, 802.4921),
(2118, 387, 3, 586.202332, 1279.32471),
(2119, 387, 3, 855.36084, 785.4922),
(2120, 387, 3, 603.999939, 867.3966),
(2121, 387, 3, 677.5894, 961.719),
(2122, 387, 3, 580.9461, 421.289734),
(2123, 387, 3, 684.546448, 925.7489),
(2124, 387, 3, 1041.58057, 1136.80969),
(2125, 387, 3, 1128.15894, 1520.19287),
(2126, 387, 3, 603.0902, 1075.89551),
(2127, 387, 3, 1288.12927, 1069.13452),
(2128, 387, 3, 716.4492, 879.387451),
(2129, 387, 3, 1296.75647, 1211.92419),
(2130, 387, 3, 1061.54248, 1202.89771),
(2131, 387, 3, 1474.9657, 419.690552),
(2132, 387, 3, 1311.71143, 1164.98877),
(2133, 387, 3, 933.6929, 938.8362),
(2134, 387, 3, 578.496033, 753.617065),
(2135, 387, 3, 1264.40918, 1463.28662),
(2136, 387, 3, 603.1098, 1071.39563),
(2137, 387, 3, 565.192932, 1052.22986),
(2138, 387, 3, 1311.06348, 1313.488),
(2139, 387, 3, 774.1891, 1512.14819),
(2140, 387, 3, 1266.00525, 1250.29053),
(2141, 387, 3, 1311.39771, 1160.4873),
(2142, 387, 3, 949.692749, 938.905945),
(2143, 387, 3, 602.771667, 1148.89526),
(2144, 387, 3, 1043.79565, 1144.81946),
(2145, 387, 3, 1034.93091, 1113.7804),
(2146, 387, 3, 1033.94409, 1110.776),
(2147, 387, 3, 784.564453, 853.184265),
(2148, 387, 3, 777.6935, 1511.16357),
(2149, 387, 3, 1316.97754, 1104.01086),
(2150, 387, 3, 603.011658, 1093.89551),
(2151, 387, 3, 1028.027, 1091.74988),
(2152, 387, 3, 692.8141, 910.2847),
(2153, 387, 3, 787.568848, 852.1974),
(2154, 387, 3, 586.006165, 751.316467),
(2155, 387, 3, 575.4418, 422.265747),
(2156, 387, 3, 1117.72632, 1390.14551),
(2157, 387, 3, 1116.73938, 1387.14111),
(2158, 387, 3, 1114.77869, 1378.13245),
(2159, 387, 3, 566.2379, 812.7311),
(2160, 387, 3, 1095.058, 1314.04553),
(2161, 387, 3, 1783.35486, 1019.04462),
(2162, 387, 3, 1090.12781, 1298.0238),
(2163, 387, 3, 603.4349, 996.895935),
(2164, 387, 3, 1089.14087, 1295.01941),
(2165, 387, 3, 1088.15845, 1291.01514),
(2166, 387, 3, 603.4567, 991.896),
(2167, 387, 3, 804.7239, 1504.28137),
(2168, 387, 3, 1311.21838, 1277.98816),
(2169, 387, 3, 603.971558, 873.8966),
(2170, 387, 3, 677.622131, 954.219055),
(2171, 387, 3, 1060.55994, 1198.89331),
(2172, 387, 3, 677.635254, 951.219055),
(2173, 387, 3, 756.5166, 864.062),
(2174, 387, 3, 1046.75635, 1153.83252),
(2175, 387, 3, 1485.21472, 477.2361),
(2176, 390, 3, 1517.34338, 1475.94006),
(2177, 390, 3, 1000.07751, 1000.68127),
(2178, 390, 3, 564.8982, 1109.134),
(2179, 390, 3, 831.5377, 1421.80176),
(2180, 390, 3, 765.253052, 1470.44189),
(2181, 390, 3, 1695.291, 934.6022),
(2182, 390, 3, 565.821045, 897.635),
(2183, 390, 3, 1684.34692, 882.5708),
(2184, 390, 3, 831.6293, 1400.80188),
(2185, 390, 3, 542.521667, 1424.54077),
(2186, 390, 3, 1002.11774, 831.0378),
(2187, 390, 3, 831.485352, 1433.80176),
(2188, 390, 3, 840.3566, 852.1656),
(2189, 390, 3, 831.662, 1393.302),
(2190, 390, 3, 1001.08722, 838.0334),
(2191, 390, 3, 1571.87329, 430.518127),
(2192, 390, 3, 865.357056, 1004.94348),
(2193, 390, 3, 840.0029, 856.83075),
(2194, 390, 3, 565.7294, 918.6349),
(2195, 390, 3, 565.1687, 1047.13428),
(2196, 390, 3, 852.934631, 1330.8938),
(2197, 390, 3, 852.9521, 1326.89392),
(2198, 390, 3, 853.109131, 1290.894),
(2199, 390, 3, 853.1615, 1278.89417),
(2200, 390, 3, 943.4054, 1223.28711),
(2201, 390, 3, 565.7643, 910.634949),
(2202, 390, 3, 853.4146, 1220.89441),
(2203, 390, 3, 942.4185, 1220.28271),
(2204, 390, 3, 575.6008, 375.170349),
(2205, 393, 3, 1014.89221, 1017.97888),
(2206, 393, 3, 1015.21735, 883.715637),
(2207, 393, 3, 1531.89539, 1511.00537),
(2208, 393, 3, 617.939941, 1075.2926),
(2209, 393, 3, 1710.45435, 969.09375),
(2210, 393, 3, 1801.94971, 1040.21826),
(2211, 393, 3, 618.8606, 864.29364),
(2212, 393, 3, 692.565735, 932.1162),
(2213, 393, 3, 618.145, 1028.29285),
(2214, 393, 3, 557.7044, 1458.53516),
(2215, 393, 3, 1015.66968, 909.3334),
(2216, 393, 3, 867.7169, 1356.38647),
(2217, 393, 3, 1803.88086, 863.464233),
(2218, 393, 3, 779.465759, 1509.17017),
(2219, 393, 3, 846.3724, 1435.29443),
(2220, 393, 3, 846.422546, 1423.79443),
(2221, 393, 3, 1138.939, 1398.07043),
(2222, 393, 3, 617.748, 1119.29236),
(2223, 393, 3, 617.4828, 1151.41663),
(2224, 393, 3, 868.133667, 1260.88684),
(2225, 393, 3, 618.3283, 986.293),
(2226, 393, 3, 867.634033, 1375.38635),
(2227, 393, 3, 1800.99512, 1066.45447),
(2228, 393, 3, 867.904541, 1313.3866),
(2229, 393, 3, 846.2349, 1466.79419),
(2230, 393, 3, 580.0558, 1048.627),
(2231, 393, 3, 867.858765, 1323.8866),
(2232, 393, 3, 579.9358, 1076.12683),
(2233, 393, 3, 1325.67542, 1367.38477),
(2234, 393, 3, 1325.81506, 1335.38489),
(2235, 393, 3, 868.5482, 1165.88733),
(2236, 393, 3, 867.793335, 1338.88647),
(2237, 393, 3, 618.073, 1044.79272),
(2238, 393, 3, 867.819458, 1332.88647),
(2239, 393, 3, 724.340454, 869.253967),
(2240, 393, 3, 579.8245, 1101.62671),
(2241, 393, 3, 1143.21387, 1472.59009),
(2242, 393, 3, 1143.301, 1452.59021),
(2243, 393, 3, 576.394043, 1429.44971),
(2244, 393, 3, 1325.96777, 1300.38513),
(2245, 393, 3, 619.248962, 775.294067),
(2246, 393, 3, 618.423462, 735.2899),
(2247, 393, 3, 617.7196, 1125.79236),
(2248, 393, 3, 618.395935, 970.7931),
(2249, 393, 3, 559.223267, 1468.542),
(2250, 393, 3, 579.8507, 1095.62671),
(2251, 393, 3, 618.4134, 966.793152),
(2252, 393, 3, 1131.64368, 1374.03821),
(2253, 393, 3, 1120.80078, 1337.99048),
(2254, 393, 3, 618.5355, 938.7933),
(2255, 393, 3, 1803.81763, 877.9642),
(2256, 393, 3, 618.090454, 1040.79272),
(2257, 393, 3, 1089.25476, 1233.85132),
(2258, 393, 3, 1088.26782, 1230.84692),
(2259, 393, 3, 1084.32458, 1217.82959),
(2260, 393, 3, 1799.2417, 1009.94604),
(2261, 393, 3, 1015.70374, 901.5257),
(2262, 396, 3, 633.793945, 966.590637),
(2263, 396, 3, 616.7682, 1282.584),
(2264, 396, 3, 595.25116, 1010.4201),
(2265, 396, 3, 634.6703, 735.1525),
(2266, 396, 3, 1030.40674, 994.7666),
(2267, 396, 3, 1031.04016, 855.147644),
(2268, 396, 3, 596.3856, 798.8756),
(2269, 396, 3, 883.055664, 1326.518),
(2270, 396, 3, 861.9379, 1413.90027),
(2271, 396, 3, 574.4289, 1438.24438),
(2272, 396, 3, 649.386, 1415.51465),
(2273, 396, 3, 883.5624, 1204.92322),
(2274, 396, 3, 595.384155, 1118.19092),
(2275, 396, 3, 883.8613, 1136.42358),
(2276, 396, 3, 794.938232, 1482.511),
(2277, 396, 3, 1155.2738, 1375.43372),
(2278, 396, 3, 619.5259, 631.2988),
(2279, 396, 3, 1102.43176, 1200.30127),
(2280, 396, 3, 883.4206, 1237.4231),
(2281, 396, 3, 1547.55566, 1487.60693),
(2282, 396, 3, 595.979065, 858.48175),
(2283, 396, 3, 1140.75586, 1326.936),
(2284, 396, 3, 707.8614, 906.6524),
(2285, 396, 3, 884.0184, 1100.42371),
(2286, 396, 3, 619.3714, 662.151733),
(2287, 396, 3, 597.2704, 731.667358),
(2288, 396, 3, 1134.252, 1305.51843),
(2289, 396, 3, 883.283142, 1268.92285),
(2290, 396, 3, 883.75, 1161.92346),
(2291, 396, 3, 595.953552, 885.1638),
(2292, 396, 3, 596.546936, 749.1645),
(2293, 396, 3, 1127.13831, 1282.078),
(2294, 396, 3, 595.8794, 902.1637),
(2295, 396, 3, 740.9387, 843.1958),
(2296, 396, 3, 707.90094, 923.0417),
(2297, 396, 3, 1124.27173, 1272.30786),
(2298, 396, 3, 874.8124, 791.10144),
(2299, 396, 3, 1118.85181, 1253.95056),
(2300, 396, 3, 1147.78931, 1350.22107),
(2301, 396, 3, 619.129333, 615.7611),
(2302, 396, 3, 1130.67932, 1293.50269),
(2303, 396, 3, 599.633057, 385.672852),
(2304, 396, 3, 1070.64575, 1094.738),
(2305, 396, 3, 618.9766, 650.761),
(2306, 396, 3, 1724.91882, 942.590637),
(2307, 396, 3, 1341.11072, 1309.92114),
(2308, 396, 3, 1111.06531, 1227.91626),
(2309, 396, 3, 883.6846, 1176.92334),
(2310, 396, 3, 1092.13586, 1165.83276),
(2311, 396, 3, 1340.97327, 1341.4209),
(2312, 396, 3, 1574.41431, 438.926849),
(2313, 396, 3, 1158.75842, 1447.37744),
(2314, 396, 3, 1078.43884, 1119.27234),
(2315, 396, 3, 588.0938, 394.62262),
(2316, 396, 3, 888.8976, 898.9422),
(2317, 396, 3, 602.675659, 719.6908),
(2318, 396, 3, 723.349548, 871.2195),
(2319, 396, 3, 1088.78833, 1153.818),
(2320, 396, 3, 1158.36108, 1481.12622),
(2321, 396, 3, 643.1895, 372.862732),
(2322, 396, 3, 1159.46143, 1458.13062),
(2323, 396, 3, 1158.59668, 1427.12646),
(2324, 396, 3, 1065.13086, 1075.21362),
(2325, 396, 3, 1138.07458, 1317.53528),
(2326, 396, 3, 1122.29724, 1266.46582),
(2327, 396, 3, 962.3928, 900.2629),
(2328, 396, 3, 1095.69006, 1176.34839),
(2329, 396, 3, 1090.75989, 1160.32666),
(2330, 396, 3, 885.702637, 714.425659),
(2331, 396, 3, 1089.773, 1157.32227),
(2332, 396, 3, 596.1237, 846.164),
(2333, 396, 3, 885.7986, 692.4258),
(2334, 396, 3, 1159.47668, 1454.63062),
(2335, 396, 3, 639.2302, 1394.85986),
(2336, 399, 3, 1605.74658, 778.5931),
(2337, 399, 3, 1545.87378, 1458.735),
(2338, 399, 3, 1654.46985, 978.7021),
(2339, 399, 3, 1064.71875, 1378.13452),
(2340, 399, 3, 646.4246, 985.803833),
(2341, 399, 3, 1686.41, 992.5083),
(2342, 399, 3, 985.257935, 1254.286),
(2343, 399, 3, 967.4762, 1204.20776),
(2344, 399, 3, 1098.21851, 1378.28064),
(2345, 399, 3, 1012.91309, 1333.40771),
(2346, 399, 3, 1011.92621, 1330.40344),
(2347, 399, 3, 1550.405, 420.240173),
(2348, 400, 7, 833.6268, 252.697571),
(2349, 404, 57, 393.340057, 562.4425),
(2350, 405, 3, 875.6701, 1498.74182),
(2351, 407, 3, 1493.15344, 1491.88232),
(2352, 411, 3, 958.8313, 1070.89648),
(2353, 411, 3, 738.602539, 957.2868),
(2354, 411, 3, 738.473, 1050.91553),
(2355, 411, 3, 955.8938, 1184.366),
(2356, 411, 3, 738.4503, 1001.11469),
(2357, 411, 3, 1413.12378, 947.6196),
(2358, 411, 3, 736.518066, 1304.16052),
(2359, 411, 3, 739.0468, 919.416138),
(2360, 411, 3, 737.915344, 1021.1626),
(2361, 411, 3, 737.5598, 1243.84277),
(2362, 411, 3, 1006.49432, 1276.08813),
(2363, 411, 3, 1000.40405, 1258.56128),
(2364, 411, 3, 737.336, 1196.9126),
(2365, 411, 3, 738.225464, 1086.824),
(2366, 411, 3, 737.4804, 1278.41431),
(2367, 411, 3, 954.490234, 1276.86121),
(2368, 411, 3, 1063.95972, 825.8325),
(2369, 411, 3, 1105.7699, 1557.02515),
(2370, 411, 3, 869.1703, 1693.69482),
(2371, 411, 3, 1708.69824, 1644.15723),
(2372, 411, 3, 1318.83447, 969.946655),
(2373, 411, 3, 1321.97852, 936.959839),
(2374, 411, 3, 1324.08325, 912.96875),
(2375, 411, 3, 1059.83667, 1426.98962),
(2376, 411, 3, 1314.63379, 1015.92896),
(2377, 411, 3, 737.1793, 1347.41406),
(2378, 411, 3, 957.0565, 1204.37134),
(2379, 411, 3, 736.305847, 1318.40979),
(2380, 411, 3, 652.6792, 1662.2998),
(2381, 411, 3, 1320.92615, 948.955444),
(2382, 411, 3, 1117.41809, 1588.57642),
(2383, 411, 3, 1313.59668, 1024.42456),
(2384, 411, 3, 991.6777, 1234.02283),
(2385, 411, 3, 1103.0802, 716.501648),
(2386, 411, 3, 1087.74976, 759.435364),
(2387, 411, 3, 738.6815, 904.9143),
(2388, 411, 3, 1306.23462, 1107.39355),
(2389, 411, 3, 984.473633, 1215.27686),
(2390, 411, 3, 1090.45984, 1513.45776),
(2391, 411, 3, 738.0193, 1154.91492),
(2392, 411, 3, 996.6166, 1248.04456),
(2393, 411, 3, 1062.80029, 1435.336),
(2394, 411, 3, 1326.1792, 890.977539),
(2395, 411, 3, 1319.89124, 956.95105),
(2396, 411, 3, 1328.27515, 868.9864),
(2397, 411, 3, 1120.52356, 1040.58228),
(2398, 411, 3, 1056.47888, 1417.30811),
(2399, 411, 3, 1309.38293, 1073.40686),
(2400, 411, 3, 1076.01025, 791.3846),
(2401, 411, 3, 738.809, 973.915833),
(2402, 411, 3, 1307.28479, 1095.898),
(2403, 411, 3, 1054.40283, 1411.79907),
(2404, 411, 3, 1040.57312, 1372.73816),
(2405, 411, 3, 989.048157, 1034.50854),
(2406, 411, 3, 737.881836, 1186.41479),
(2407, 411, 3, 1430.0437, 1323.43677),
(2408, 411, 3, 989.456055, 1227.51306),
(2409, 411, 3, 1315.68176, 1004.93335),
(2410, 411, 3, 1316.73413, 992.937744),
(2411, 411, 3, 1078.13416, 785.8938),
(2412, 411, 3, 1358.54651, 1723.63049),
(2413, 411, 3, 737.7444, 1217.91467),
(2414, 411, 3, 1061.08936, 834.320068),
(2415, 411, 3, 1044.68958, 1384.25623),
(2416, 411, 3, 1327.22937, 879.482),
(2417, 411, 3, 1329.32971, 856.490845),
(2418, 411, 3, 650.324951, 1657.53931),
(2419, 411, 3, 994.640564, 1242.53589),
(2420, 411, 3, 993.6537, 1239.53149),
(2421, 411, 3, 1114.16516, 1581.06226),
(2422, 411, 3, 1113.17822, 1578.05786),
(2423, 411, 3, 1331.406, 838.999634),
(2424, 411, 3, 1108.23938, 1564.03613),
(2425, 411, 3, 1102.3136, 1547.01),
(2426, 411, 3, 1100.33972, 1541.00122),
(2427, 411, 3, 1099.35278, 1537.997),
(2428, 411, 3, 1097.37463, 1532.98828),
(2429, 411, 3, 1085.72583, 764.926636),
(2430, 411, 3, 1092.43579, 1518.96655),
(2431, 411, 3, 1088.48376, 1507.9491),
(2432, 411, 3, 1087.497, 1504.94482),
(2433, 411, 3, 1084.53186, 1496.93164),
(2434, 411, 3, 1078.606, 1479.90564),
(2435, 411, 3, 1072.6759, 1463.87952),
(2436, 411, 3, 1025.99744, 931.668335),
(2437, 411, 3, 738.0476, 1148.415),
(2438, 411, 3, 1066.75439, 1445.85339),
(2439, 411, 3, 1064.77625, 1440.84473),
(2440, 411, 3, 737.283264, 1094.41089),
(2441, 411, 3, 1323.03955, 922.9643),
(2442, 411, 3, 1072.56445, 801.869751),
(2443, 411, 3, 1052.92029, 1407.79248),
(2444, 411, 3, 1051.93335, 1404.78821),
(2445, 411, 3, 1050.94653, 1401.78381),
(2446, 411, 3, 1049.95959, 1398.77954),
(2447, 411, 3, 1048.97266, 1395.77515),
(2448, 411, 3, 1046.99451, 1390.76636),
(2449, 411, 3, 1046.00757, 1387.76208),
(2450, 411, 3, 1073.57751, 798.8741),
(2451, 411, 3, 1042.05566, 1376.74463),
(2452, 411, 3, 1068.72827, 1451.862),
(2453, 411, 3, 1071.689, 1460.87512),
(2454, 411, 3, 1039.09058, 1368.73169),
(2455, 411, 3, 1038.10364, 1365.72729),
(2456, 411, 3, 1037.1167, 1362.7229),
(2457, 411, 3, 1085.51868, 1499.936),
(2458, 411, 3, 1036.12988, 1359.71863),
(2459, 411, 3, 737.5538, 1032.41125),
(2460, 411, 3, 1035.143, 1356.71423),
(2461, 411, 3, 1041.18066, 889.734),
(2462, 411, 3, 1074.59058, 795.8784),
(2463, 411, 3, 1099.89587, 725.9879),
(2464, 411, 3, 1029.21277, 1340.68811),
(2465, 411, 3, 1101.32666, 1544.00562),
(2466, 411, 3, 1028.22583, 1337.68384),
(2467, 411, 3, 1023.287, 1323.662),
(2468, 411, 3, 1022.30005, 1320.65771),
(2469, 411, 3, 1109.22632, 1567.04041),
(2470, 411, 3, 1020.3219, 1315.64893),
(2471, 411, 3, 1019.33496, 1312.64465),
(2472, 411, 3, 1018.34808, 1309.64026),
(2473, 411, 3, 1317.77783, 982.9422),
(2474, 411, 3, 1050.294, 863.773438),
(2475, 411, 3, 1003.53143, 1267.57507),
(2476, 411, 3, 1100.91333, 721.9923),
(2477, 411, 3, 1105.97, 709.01416),
(2478, 411, 3, 1113.05725, 689.0448),
(2479, 417, 3, 1270.63367, 1550.71069),
(2480, 417, 3, 722.9612, 1049.33313),
(2481, 419, 3, 1890.122, 1585.20447),
(2482, 419, 3, 1377.24658, 948.310669),
(2483, 420, 13, 0, 0),
(2484, 421, 3, 1315.51721, 1702.19),
(2485, 421, 3, 1393.01685, 1702.52808),
(2486, 425, 3, 1326.34656, 725.6576),
(2487, 425, 3, 731.064453, 1246.76758),
(2488, 425, 3, 1058.02441, 1486.19751),
(2489, 425, 3, 1183.83215, 1645.24878),
(2490, 425, 3, 733.2644, 971.7733),
(2491, 431, 3, 1721.49255, 805.504),
(2492, 433, 3, 1584.11755, 763.980835),
(2493, 437, 3, 1768.0304, 778.2171),
(2494, 439, 3, 1676.544, 1269.03418),
(2495, 441, 3, 1298.81116, 1551.15955),
(2496, 445, 3, 1900.2085, 554.55835),
(2497, 445, 3, 1688.18677, 1072.47852),
(2498, 445, 3, 1737.23633, 1006.52954),
(2499, 445, 3, 827.562744, 1498.14575),
(2500, 445, 3, 1512.62732, 537.8704),
(2501, 447, 28, 729.1947, 486.5274),
(2502, 450, 3, 945.11, 1346.61572),
(2503, 450, 3, 932.792969, 1312.66284),
(2504, 450, 3, 1202.17383, 1259.22888),
(2505, 450, 3, 1545.75378, 1580.49048),
(2506, 450, 3, 865.0721, 1122.92224),
(2507, 450, 3, 614.430054, 1025.80908),
(2508, 455, 3, 1548.41846, 488.9714),
(2509, 455, 3, 612.8257, 1203.3512),
(2510, 455, 3, 1440.43286, 489.348328),
(2511, 455, 3, 906.3789, 1200.12671),
(2512, 455, 3, 862.0537, 1076.79639),
(2513, 455, 3, 1501.92468, 489.1337),
(2514, 460, 3, 932.6989, 992.001),
(2515, 465, 3, 1597.71362, 1533.04712),
(2516, 465, 3, 605.21344, 1164.39014),
(2517, 470, 3, 603.120667, 1154.062),
(2518, 475, 3, 504.975281, 1129.49109),
(2519, 475, 3, 506.0307, 1424.73279),
(2520, 475, 3, 504.159424, 858.2217),
(2521, 475, 3, 503.3402, 660.94165),
(2522, 475, 3, 502.81543, 519.4345),
(2523, 478, 57, 530.958862, 462.265472),
(2524, 480, 3, 512.4927, 973.2789),
(2525, 480, 3, 1660.209, 1321.80359),
(2526, 480, 3, 514.4874, 1571.541),
(2527, 483, 57, 509.002625, 466.63913),
(2528, 485, 3, 510.2044, 903.0027),
(2529, 485, 3, 509.0998, 614.303467),
(2530, 485, 3, 511.094055, 1201.43372),
(2531, 485, 3, 512.0064, 1438.87024),
(2532, 485, 3, 508.481323, 448.4118),
(2533, 488, 57, 510.7732, 473.558868),
(2534, 495, 3, 1331.374, 500.818817),
(2535, 505, 3, 877.1327, 1103.33765),
(2536, 505, 3, 928.810669, 1247.261),
(2537, 505, 3, 1565.17542, 514.4615),
(2538, 510, 3, 968.1516, 1419.00562),
(2539, 510, 3, 1733.89331, 1118.17651),
(2540, 510, 3, 873.1162, 1152.17737),
(2541, 510, 3, 939.76355, 1339.922),
(2542, 510, 3, 965.0045, 1409.82544),
(2543, 510, 3, 855.1124, 1102.74622),
(2544, 510, 3, 1715.32422, 1097.74377),
(2545, 520, 3, 1153.48438, 363.1939),
(2546, 520, 3, 1385.49207, 915.840637),
(2547, 520, 3, 1215.39, 362.7594),
(2548, 520, 3, 1385.43689, 913.7316),
(2549, 520, 3, 616.160767, 1166.01172),
(2550, 525, 3, 1582.94324, 1015.31934),
(2551, 532, 30, 565.266663, 302.346863),
(2552, 540, 13, 0, 0),
(2553, 541, 9, 0, 0),
(2554, 542, 13, 0, 0),
(2555, 543, 13, 0, 0),
(2556, 544, 13, 0, 0),
(2557, 546, 3, 1828.035, 652.481934),
(2558, 546, 3, 1970.36841, 973.709839),
(2559, 546, 3, 1553.82507, 1033.75146),
(2560, 546, 3, 1869.4696, 1256.46619),
(2561, 546, 3, 1474.5603, 917.7379),
(2562, 546, 3, 1557.00745, 1626.12231),
(2563, 546, 3, 715.9775, 638.0007),
(2564, 546, 3, 1857.55151, 763.0939),
(2565, 546, 3, 1168.90759, 1624.76343),
(2566, 546, 3, 1039.26782, 1339.945),
(2567, 546, 3, 733.6007, 935.0487),
(2568, 546, 3, 1636.17444, 1719.48926),
(2569, 546, 3, 1641.51807, 1626.16528),
(2570, 546, 3, 1006.68835, 1267.50635),
(2571, 546, 3, 735.9299, 1646.25061),
(2572, 546, 3, 920.951538, 1717.092),
(2573, 546, 3, 1000.71069, 1144.22839),
(2574, 546, 3, 1172.17188, 1093.49414),
(2575, 546, 3, 1567.01025, 689.589355),
(2576, 546, 3, 965.857361, 1631.54932),
(2577, 546, 3, 1622.273, 1087.76538),
(2578, 546, 3, 1253.36841, 599.750244),
(2579, 546, 3, 776.456543, 1780.98169),
(2580, 546, 3, 1051.07861, 1145.27332),
(2581, 546, 3, 715.790161, 710.855164),
(2582, 546, 3, 1690.05322, 1087.59619),
(2583, 546, 3, 1222.1001, 1624.843),
(2584, 546, 3, 1237.88013, 1119.00024),
(2585, 546, 3, 1299.46924, 1105.11389),
(2586, 546, 3, 704.6119, 959.675),
(2587, 546, 3, 791.2612, 643.2049),
(2588, 546, 3, 1073.07874, 1435.12036),
(2589, 546, 3, 1895.1167, 810.654541),
(2590, 546, 3, 868.8368, 1100.69275),
(2591, 546, 3, 1687.87793, 1719.19263),
(2592, 546, 3, 1397.41809, 664.2137),
(2593, 546, 3, 1914.60962, 836.644531),
(2594, 546, 3, 1354.78333, 1118.32),
(2595, 546, 3, 1740.98218, 1208.04028),
(2596, 546, 3, 1389.9552, 635.4606),
(2597, 546, 3, 967.6555, 1042.70874),
(2598, 546, 3, 1176.756, 1144.84924),
(2599, 546, 3, 1686.32739, 1625.64844),
(2600, 546, 3, 1060.52454, 1400.01953),
(2601, 546, 3, 750.2143, 1409.16443),
(2602, 546, 3, 2062.98584, 983.418945),
(2603, 546, 3, 1919.78162, 881.942139),
(2604, 546, 3, 1711.30212, 1625.80359),
(2605, 546, 3, 1105.97266, 1145.884),
(2606, 546, 3, 1163.17554, 1144.95056),
(2607, 546, 3, 1646.3396, 1088.2959),
(2608, 546, 3, 1919.4104, 859.3058),
(2609, 546, 3, 1102.70447, 1518.121),
(2610, 546, 3, 1087.55859, 1475.82178),
(2611, 546, 3, 1482.68188, 1574.42493),
(2612, 546, 3, 1457.77673, 671.7581),
(2613, 546, 3, 1689.13367, 1207.86719),
(2614, 546, 3, 695.5633, 1654.53174),
(2615, 546, 3, 1436.01, 1506.53662),
(2616, 546, 3, 1440.34351, 951.225159),
(2617, 546, 3, 1208.16016, 1125.01465),
(2618, 546, 3, 949.3751, 1053.59351),
(2619, 546, 3, 1075.06165, 1145.47681),
(2620, 546, 3, 1439.41223, 672.0241),
(2621, 546, 3, 859.609741, 1758.7738),
(2622, 546, 3, 1653.57434, 626.320068),
(2623, 546, 3, 1556.11023, 671.4104),
(2624, 546, 3, 1922.87988, 1095.52307),
(2625, 546, 3, 705.8686, 1420.79126),
(2626, 546, 3, 1921.8208, 943.780457),
(2627, 546, 3, 1490.203, 671.8349),
(2628, 546, 3, 847.63446, 1113.27478),
(2629, 546, 3, 734.0879, 1722.59741),
(2630, 546, 3, 1814.28113, 710.2156),
(2631, 546, 3, 1480.51929, 671.385437),
(2632, 546, 3, 1266.68628, 1112.81189),
(2633, 546, 3, 1567.12317, 1193.82458),
(2634, 546, 3, 1443.91321, 1518.144),
(2635, 546, 3, 1135.13452, 1212.759),
(2636, 546, 3, 1790.7782, 1205.05432),
(2637, 546, 3, 1920.91956, 915.885),
(2638, 546, 3, 1823.92834, 1631.137),
(2639, 546, 3, 1921.79968, 1072.52966),
(2640, 546, 3, 1458.48523, 1539.27246),
(2641, 546, 3, 1587.04272, 1208.68188),
(2642, 546, 3, 1768.84973, 1625.79663),
(2643, 546, 3, 1431.79858, 711.484),
(2644, 546, 3, 1472.70471, 1001.10614),
(2645, 546, 3, 1648.80591, 1208.06628),
(2646, 546, 3, 1448.67981, 964.494446),
(2647, 546, 3, 1138.84839, 1145.25415),
(2648, 546, 3, 1511.561, 671.677),
(2649, 546, 3, 1119.39136, 1564.27136),
(2650, 546, 3, 1817.50977, 1208.655),
(2651, 546, 3, 769.330261, 643.493835),
(2652, 546, 3, 2059.84448, 962.8388),
(2653, 546, 3, 776.436157, 642.247),
(2654, 546, 3, 1730.75415, 1625.75464),
(2655, 546, 3, 1494.72, 1034.90015),
(2656, 546, 3, 1461.67188, 984.1467),
(2657, 546, 3, 1809.78845, 1208.65417),
(2658, 546, 3, 1455.26489, 974.795166),
(2659, 546, 3, 1920.47656, 908.3042),
(2660, 546, 3, 1605.97473, 1720.42871),
(2661, 546, 3, 1905.43616, 824.6168),
(2662, 546, 3, 1666.455, 1087.705),
(2663, 546, 3, 1508.07617, 1055.54749),
(2664, 546, 3, 1540.10571, 1433.38989),
(2665, 546, 3, 1518.73535, 671.842468),
(2666, 546, 3, 1631.16528, 1208.09924),
(2667, 546, 3, 1920.196, 899.556152),
(2668, 546, 3, 838.9507, 1119.1615),
(2669, 546, 3, 1581.86975, 671.6221),
(2670, 546, 3, 1795.41235, 1625.57056),
(2671, 546, 3, 940.2051, 1059.12476),
(2672, 546, 3, 1090.65588, 1145.75574),
(2673, 546, 3, 1428.29431, 671.9677),
(2674, 546, 3, 1151.64551, 1144.87622),
(2675, 546, 3, 726.40094, 1728.45679),
(2676, 546, 3, 1545.84509, 671.4907),
(2677, 546, 3, 919.1165, 1071.23022),
(2678, 546, 3, 1144.34692, 1145.035),
(2679, 546, 3, 1805.24377, 1625.36963),
(2680, 546, 3, 2060.659, 750.583862),
(2681, 546, 3, 1468.78735, 1554.55273),
(2682, 546, 3, 1098.66553, 1506.85071),
(2683, 546, 3, 1502.69971, 671.2913),
(2684, 546, 3, 1498.4519, 671.8061),
(2685, 546, 3, 1086.657, 1145.93628),
(2686, 546, 3, 1610.3479, 1720.03857),
(2687, 546, 3, 2062.34937, 590.347351),
(2688, 546, 3, 1787.7478, 1625.93066),
(2689, 546, 3, 1601.56018, 1088.31238),
(2690, 546, 3, 2060.63965, 745.0846),
(2691, 546, 3, 760.127136, 648.6365),
(2692, 546, 3, 1563.72058, 1228.42749),
(2693, 546, 3, 1724.96265, 1207.86707),
(2694, 546, 3, 1717.2981, 1208.22717),
(2695, 546, 3, 1691.42712, 671.382446),
(2696, 546, 3, 980.6449, 1759.3988),
(2697, 547, 10, 1208.47961, 1026.53638),
(2698, 547, 7, 1602.70349, 1482.3855),
(2699, 548, 30, 502.197937, 250.258026),
(2700, 548, 30, 422.446136, 736.2324),
(2701, 548, 30, 571.533569, 689.4277),
(2702, 548, 30, 542.565735, 693.1583),
(2703, 548, 30, 507.095734, 699.1813),
(2704, 548, 30, 584.91156, 686.8974),
(2705, 548, 36, 162.560822, 481.768036),
(2706, 550, 13, 0, 0),
(2707, 552, 3, 1539.96045, 1494.92261),
(2708, 562, 13, 0, 0),
(2709, 576, 13, 0, 0),
(2710, 577, 11, 0, 0),
(2711, 579, 11, 410.971832, 351.5915),
(2712, 579, 11, 493.41864, 351.5915),
(2713, 588, 3, 1573.87085, 1565.02283),
(2714, 598, 13, 0, 0),
(2715, 604, 13, 0, 0),
(2716, 612, 3, 1856.26331, 1566.2981),
(2717, 612, 3, 1848.04871, 1504.54858),
(2718, 623, 18, 0, 0),
(2719, 624, 3, 1831.807, 1338.049),
(2720, 626, 36, 153.808411, 425.261383),
(2721, 626, 36, 151.145782, 232.144958),
(2722, 630, 3, 1651.89746, 1504.7002),
(2723, 642, 3, 1204.94067, 763.692139),
(2724, 644, 30, 568.1972, 268.534363),
(2725, 644, 30, 545.243958, 693.7047),
(2726, 858, 3, 1263.08923, 549.4349),
(2727, 858, 3, 1334.17432, 548.9565),
(2728, 858, 3, 2040.92432, 545.8361),
(2729, 861, 13, 0, 0),
(2730, 912, 3, 1251.76855, 828.966064),
(2731, 912, 3, -1267.54138, 574.463),
(2732, 912, 3, -1331.20911, 574.36554),
(2733, 912, 3, -2041.40491, 570.8976),
(2734, 912, 3, -1227.21277, 573.5397),
(2735, 910, 13, -1000, 0),
(2736, 927, 6, 443.339264, 624.0946),
(2737, 927, 6, 608.2329, 624.0946),
(2738, 927, 6, 690.6797, 624.0946),
(2739, 927, 6, 773.1265, 624.0946),
(2740, 928, 41, 463.6508, 506.836884),
(2741, 928, 41, 630.690369, 500.4068),
(2742, 930, 3, 634.9757, 1565.31555),
(2743, 930, 3, 1227.96472, 541.1269),
(2744, 930, 3, 1269.82251, 540.8899),
(2745, 930, 3, 1242.32617, 540.9859),
(2746, 930, 3, 1530.16138, 933.4335),
(2747, 930, 3, 1261.82349, 540.9178),
(2748, 935, 18, 0, 0),
(2749, 990, 3, 1630.2146, 982.1087),
(2750, 990, 3, 1546.48657, 855.7698),
(2751, 990, 3, 1998.03613, 841.7229),
(2752, 990, 3, 1525.07629, 912.5052),
(2753, 990, 3, 1969.31519, 757.6397),
(2754, 990, 3, 799.915466, 698.062744),
(2755, 990, 3, 1268.78687, 1059.38208),
(2756, 990, 3, 1042.2334, 606.5612),
(2757, 990, 3, 1044.70142, 645.2146),
(2758, 990, 3, 833.2289, 1361.86609),
(2759, 990, 3, 1341.79382, 586.5178),
(2760, 1002, 3, 1550.74768, 760.417969),
(2761, 1002, 3, 838.45874, 1207.66382),
(2762, 1002, 3, 837.7611, 1038.4397),
(2763, 1002, 3, 2020.11072, 1011.5896),
(2764, 1002, 3, 1886.78271, 530.383362),
(2765, 1026, 3, 924.5173, 1272.10461),
(2766, 1026, 3, 1352.7467, 1259.96252),
(2767, 1028, 30, 512.010559, 300.4345),
(2768, 1028, 30, 513.922058, 751.434448),
(2769, 1031, 18, 0, 0),
(2770, 1034, 30, 524.6233, 289.5541),
(2771, 1034, 30, 507.718536, 738.636353),
(2772, 1038, 3, 1160.07727, 931.3871),
(2773, 1040, 30, 558.4163, 767.6503),
(2774, 1046, 30, 419.8212, 285.984467),
(2775, 1046, 30, 496.829773, 763.5674),
(2776, 1050, 3, 1277.76514, 979.6459),
(2777, 1052, 30, 436.767273, 284.859436),
(2778, 1052, 30, 572.172363, 322.0073),
(2779, 1052, 30, 531.672546, 757.7207),
(2780, 1052, 30, 435.934448, 794.482666),
(2781, 1058, 30, 432.5862, 310.177673),
(2782, 1058, 30, 614.004456, 351.493469),
(2783, 1058, 30, 509.929474, 784.7717),
(2784, 1064, 30, 444.454742, 284.921936),
(2785, 1064, 30, 585.924744, 321.634979),
(2786, 1064, 30, 524.014832, 761.8108),
(2787, 1070, 30, 531.537048, 315.2521),
(2788, 1070, 30, 524.087341, 762.474854),
(2789, 1076, 30, 446.62027, 298.6779),
(2790, 1076, 30, 527.743958, 772.8319);
INSERT INTO `hgadefect` (`id`, `hgainfo_view_id`, `defectId`, `coordinateX`, `coordinateY`) VALUES
(2791, 1082, 30, 533.5523, 336.886353),
(2792, 1082, 30, 538.015442, 777.500854),
(2793, 1086, 3, 532.0958, 1488.19885),
(2794, 1086, 3, 1320.47217, 1202.26587),
(2795, 1086, 3, 715.828857, 802.077332),
(2796, 1086, 3, 1255.41138, 1064.70227),
(2797, 1086, 3, 1306.85193, 932.799438),
(2798, 1086, 3, 1157.59448, 1120.90991),
(2799, 1086, 3, 908.758057, 830.21106),
(2800, 1086, 3, 1211.78711, 1132.18054),
(2801, 1086, 3, 867.7533, 822.115967),
(2802, 1086, 3, 1198.84839, 1285.061),
(2803, 1086, 3, 998.5613, 1096.4469),
(2804, 1086, 3, 1280.536, 1366.71057),
(2805, 1086, 3, 1296.2948, 894.362366),
(2806, 1092, 3, 1010.57355, 800.7926),
(2807, 1092, 3, 1065.431, 788.7225),
(2808, 1092, 3, 856.273132, 780.814941),
(2809, 1092, 3, 658.0572, 948.0746),
(2810, 1092, 3, 636.374634, 1153.63672),
(2811, 1092, 3, 652.2981, 858.0776),
(2812, 1092, 3, 1059.8042, 1200.566),
(2813, 1092, 3, 655.696167, 973.608948),
(2814, 1092, 3, 1351.82642, 1151.49707),
(2815, 1092, 3, 506.853149, 1338.50537),
(2816, 1092, 3, 610.4021, 808.0676),
(2817, 1092, 3, 762.0693, 1532.533),
(2818, 1092, 3, 554.91394, 1428.06543),
(2819, 1092, 3, 559.3208, 1119.00732),
(2820, 1092, 3, 516.4884, 1083.14929),
(2821, 1092, 3, 1084.65442, 1505.89893),
(2822, 1094, 30, 573.818237, 344.054382),
(2823, 1094, 30, 584.9337, 745.9292),
(2824, 1098, 3, 523.2772, 878.845947),
(2825, 1098, 3, 1322.0741, 1028.46582),
(2826, 1098, 3, 1296.74121, 1194.30762),
(2827, 1098, 3, 1209.867, 762.3672),
(2828, 1098, 3, 1353.94739, 1477.51672),
(2829, 1098, 3, 1327.70032, 1089.58752),
(2830, 1099, 7, 808.855957, 486.4087),
(2831, 1099, 7, 1584.91736, 645.291748),
(2832, 1101, 11, 219.3898, 339.477661),
(2833, 1101, 11, 301.8366, 339.477661),
(2834, 1116, 3, 1231.2, 732.270752),
(2835, 1118, 30, 572.3762, 379.048279),
(2836, 1124, 30, 589.987244, 745.9938),
(2837, 1130, 30, 594.12, 755.597656),
(2838, 1141, 10, 1228.11682, 1109.61047),
(2839, 1146, 3, 641.667, 944.5763),
(2840, 1149, 26, 656.990845, 432.545746),
(2841, 1155, 3, 465.6397, 936.005737),
(2842, 1155, 3, 1026.22925, 885.9075),
(2843, 1155, 3, 1096.2373, 1044.27686),
(2844, 1159, 30, 570.1118, 709.5044),
(2845, 1168, 36, 146.8382, 402.6493),
(2846, 1173, 3, 701.927246, 1484.50232),
(2847, 1173, 3, 425.899231, 1183.573),
(2848, 1182, 3, 1023.56415, 838.0251),
(2849, 1182, 3, 583.067749, 1367.53381),
(2850, 1182, 3, 1248.51221, 1248.46631),
(2851, 1191, 3, 1028.0686, 777.2043),
(2852, 1191, 3, 564.2887, 781.399536),
(2853, 1220, 26, 485.814667, 477.059448),
(2854, 1230, 26, 871.823242, 505.832428),
(2855, 1263, 3, 807.4541, 1022.16296),
(2856, 1268, 6, 525.687256, 459.102173),
(2857, 1268, 6, 937.921265, 459.102173);

-- --------------------------------------------------------

--
-- Table structure for table `hgainfo`
--

DROP TABLE IF EXISTS `hgainfo`;
CREATE TABLE IF NOT EXISTS `hgainfo` (
  `hgainfoId` int(11) NOT NULL,
  `lineNo` varchar(20) NOT NULL,
  `palletId` int(20) DEFAULT NULL,
  `position` int(11) NOT NULL,
  `processdatetime` datetime NOT NULL,
  `iaviResult` varchar(20) NOT NULL,
  `vmiResult` int(11) NOT NULL COMMENT '1:None, 2:Good, 3:Reject',
  `serialNumber` varchar(20) NOT NULL,
  `iaviSerialNumber` varchar(20) NOT NULL,
  `trayId` int(15) DEFAULT NULL,
  `created_at` timestamp NOT NULL DEFAULT CURRENT_TIMESTAMP,
  `updated_at` timestamp NOT NULL DEFAULT '0000-00-00 00:00:00' ON UPDATE CURRENT_TIMESTAMP,
  `A_Location` double NOT NULL,
  `B_Location` double NOT NULL,
  `Skew` double NOT NULL,
  `Pitch_Offset` double NOT NULL,
  `Roll_Offset` double NOT NULL
) ENGINE=InnoDB AUTO_INCREMENT=418 DEFAULT CHARSET=latin1;

--
-- Dumping data for table `hgainfo`
--

INSERT INTO `hgainfo` (`hgainfoId`, `lineNo`, `palletId`, `position`, `processdatetime`, `iaviResult`, `vmiResult`, `serialNumber`, `iaviSerialNumber`, `trayId`, `created_at`, `updated_at`, `A_Location`, `B_Location`, `Skew`, `Pitch_Offset`, `Roll_Offset`) VALUES
(1, '1', 1, 7, '2016-12-07 00:00:00', 'A1', 1, 'HW7K093P', '', NULL, '2016-12-16 02:32:10', '2017-03-17 09:35:39', 0, 0, 0, 0, 0),
(2, '1', 1, 8, '2016-12-07 00:00:00', 'A1', 1, 'HW7K966S', '', NULL, '2016-12-19 03:05:08', '2017-03-17 09:35:39', 0, 0, 0, 0, 0),
(3, '1', 2, 1, '2017-01-30 00:00:00', 'Good', 1, 'WKYEGN9B', '', 1, '2017-01-30 07:33:51', '2017-03-17 09:35:39', 0, 0, 0, 0, 0),
(4, '1', 2, 2, '2017-01-30 00:00:00', 'Reject', 1, 'WKYEA76G', '', 1, '2017-01-30 07:33:51', '2017-03-17 09:35:39', 0, 0, 0, 0, 0),
(5, '1', 2, 3, '2017-01-30 00:00:00', 'Good', 3, 'WKYEM25G', '', 1, '2017-01-30 07:33:51', '2017-03-17 09:34:08', 0, 0, 0, 0, 0),
(6, '1', 2, 4, '2017-01-30 00:00:00', 'Good', 2, 'WKYEHV0M', '', 1, '2017-01-30 07:33:51', '2017-03-17 09:34:08', 0, 0, 0, 0, 0),
(7, '1', 2, 5, '2017-01-30 00:00:00', 'Reject', 3, 'WKYEH37F', '', 1, '2017-01-30 07:33:51', '2017-03-07 09:38:28', 0, 0, 0, 0, 0),
(8, '1', 2, 6, '2017-01-30 00:00:00', 'Good', 1, 'WKYEH37G', '', 1, '2017-01-30 07:33:51', '2017-03-17 09:35:39', 0, 0, 0, 0, 0),
(9, '1', 3, 7, '2017-01-30 00:00:00', 'Good', 1, 'WKYEH37H', '', NULL, '2017-01-30 07:33:51', '2017-03-17 09:35:39', 0, 0, 0, 0, 0),
(10, '1', 3, 8, '2017-01-30 00:00:00', 'Good', 1, 'WKYEH37J', '', NULL, '2017-01-30 07:33:51', '2017-03-17 09:35:39', 0, 0, 0, 0, 0),
(11, '1', 3, 9, '2017-01-30 00:00:00', 'Good', 2, 'WKYEA37F', '', 3, '2017-01-30 07:33:51', '2017-03-17 09:34:08', 0, 0, 0, 0, 0),
(12, '1', 3, 10, '2017-01-30 00:00:00', 'Good', 1, 'WKYEH37N', '', NULL, '2017-01-30 07:33:51', '2017-03-17 09:35:39', 0, 0, 0, 0, 0),
(113, '1', 4, 1, '2017-02-28 09:58:07', 'Good', 1, 'Y2LFCW01', '', 4, '2017-02-28 02:58:07', '2017-03-17 09:35:39', 0, 0, 0, 0, 0),
(114, '1', 4, 2, '2017-02-28 09:58:07', 'Good', 1, 'Y2LFCW02', '', 4, '2017-02-28 02:58:07', '2017-03-17 09:35:39', 0, 0, 0, 0, 0),
(115, '1', 4, 3, '2017-02-28 09:58:07', 'Good', 3, 'Y2LFCW03', '', 4, '2017-02-28 02:58:07', '2017-03-17 09:34:08', 0, 0, 0, 0, 0),
(116, '1', 4, 4, '2017-02-28 09:58:07', 'A1', 3, 'Y2LFCW04', '', 4, '2017-02-28 02:58:07', '2017-03-17 09:34:08', 0, 0, 0, 0, 0),
(117, '1', 4, 5, '2017-02-28 09:58:07', 'Good', 2, 'Y2LFCW05', '', 4, '2017-02-28 02:58:07', '2017-03-17 09:34:08', 0, 0, 0, 0, 0),
(118, '1', 4, 6, '2017-02-28 09:58:07', 'Good', 1, 'Y2LFCW06', '', 4, '2017-02-28 02:58:07', '2017-03-17 09:35:39', 0, 0, 0, 0, 0),
(119, '1', 4, 7, '2017-02-28 09:58:07', 'Good', 1, 'Y2LFCW07', '', 4, '2017-02-28 02:58:07', '2017-03-17 09:35:39', 0, 0, 0, 0, 0),
(120, '1', 4, 8, '2017-02-28 09:58:07', 'Good', 1, '--------', '', 4, '2017-02-28 02:58:07', '2017-03-17 09:35:39', 0, 0, 0, 0, 0),
(121, '1', 4, 9, '2017-02-28 09:58:07', 'Good', 1, 'Y2LFCW09', '', 4, '2017-02-28 02:58:07', '2017-03-17 09:35:39', 0, 0, 0, 0, 0),
(122, '1', 4, 10, '2017-02-28 09:58:07', 'Good', 1, 'Y2LFCW10', '', 4, '2017-02-28 02:58:07', '2017-03-17 09:35:39', 0, 0, 0, 0, 0),
(123, '1', 5, 11, '2017-02-28 09:58:07', 'J4P', 1, 'Y2LFCW11', '', 4, '2017-02-28 02:58:07', '2017-03-17 09:35:39', 0, 0, 0, 0, 0),
(124, '1', 5, 12, '2017-02-28 09:58:07', 'Good', 1, 'Y2LFCW12', '', 4, '2017-02-28 02:58:07', '2017-03-17 09:35:39', 0, 0, 0, 0, 0),
(125, '1', 5, 13, '2017-02-28 09:58:07', 'Good', 1, '--------', '', 4, '2017-02-28 02:58:07', '2017-03-17 09:35:39', 0, 0, 0, 0, 0),
(126, '1', 5, 14, '2017-02-28 09:58:08', 'Good', 1, 'Y2LFCW14', '', 4, '2017-02-28 02:58:08', '2017-03-17 09:35:39', 0, 0, 0, 0, 0),
(127, '1', 5, 15, '2017-02-28 09:58:08', 'Good', 1, 'Y2LFCW15', '', 4, '2017-02-28 02:58:08', '2017-03-17 09:35:39', 0, 0, 0, 0, 0),
(128, '1', 5, 16, '2017-02-28 09:58:08', 'Good', 1, 'Y2LFCW16', '', 4, '2017-02-28 02:58:08', '2017-03-17 09:35:39', 0, 0, 0, 0, 0),
(129, '1', 5, 17, '2017-02-28 09:58:08', 'A5', 3, 'Y2LFCW17', '', 4, '2017-02-28 02:58:08', '2017-03-10 09:12:16', 0, 0, 0, 0, 0),
(130, '1', 5, 18, '2017-02-28 09:58:08', 'Good', 1, '--------', '', 4, '2017-02-28 02:58:08', '2017-03-17 09:35:39', 0, 0, 0, 0, 0),
(131, '1', 5, 19, '2017-02-28 09:58:08', 'Good', 1, 'Y2LFCW19', '', 4, '2017-02-28 02:58:08', '2017-03-17 09:35:39', 0, 0, 0, 0, 0),
(132, '1', 5, 20, '2017-02-28 09:58:08', 'Good', 1, 'Y2LFCW20', '', 4, '2017-02-28 02:58:08', '2017-03-17 09:35:39', 0, 0, 0, 0, 0),
(134, '1', 6, 1, '2017-03-08 11:12:02', 'Good', 1, 'AAAA1', '', NULL, '2017-03-08 04:12:03', '2017-03-17 09:35:39', 0, 0, 0, 0, 0),
(135, '1', 6, 2, '2017-03-08 11:17:44', 'REJECT', 1, 'AAAA2', '', NULL, '2017-03-08 04:19:02', '2017-03-17 09:35:39', 0, 0, 0, 0, 0),
(144, '1', 11, 1, '2017-03-08 13:54:51', 'Good', 1, 'AAAA1', '', NULL, '2017-03-08 06:54:51', '2017-03-17 09:35:39', 0, 0, 0, 0, 0),
(145, '1', 11, 2, '2017-03-08 13:54:51', 'REJECT', 1, 'AAAA2', '', NULL, '2017-03-08 06:54:51', '2017-03-17 09:35:39', 0, 0, 0, 0, 0),
(146, '1', 12, 1, '2017-03-08 13:55:21', 'Good', 1, 'AAAA1', '', NULL, '2017-03-08 06:55:21', '2017-03-17 09:35:39', 0, 0, 0, 0, 0),
(147, '1', 12, 2, '2017-03-08 13:55:21', 'REJECT', 1, 'AAAA2', '', NULL, '2017-03-08 06:55:21', '2017-03-17 09:35:39', 0, 0, 0, 0, 0),
(182, '1', NULL, 1, '2017-03-14 11:41:30', 'J4A,T8', 1, 'Y3DRLFAN', '', 6, '2017-03-14 04:41:30', '2017-03-17 09:35:39', 0, 0, 0, 0, 0),
(183, '1', NULL, 2, '2017-03-14 11:41:30', 'T8,A1,T6', 1, 'Y3DRNTXW', '', 6, '2017-03-14 04:41:30', '2017-03-17 09:35:39', 0, 0, 0, 0, 0),
(184, '1', NULL, 3, '2017-03-14 11:41:30', 'T8,J4A,A1,T6,J4B', 1, 'Y3DROIUE', '', 6, '2017-03-14 04:41:30', '2017-03-17 09:35:39', 0, 0, 0, 0, 0),
(185, '1', NULL, 4, '2017-03-14 11:41:30', '', 1, 'Y3DRCPZH', '', 6, '2017-03-14 04:41:30', '2017-03-17 09:35:39', 0, 0, 0, 0, 0),
(186, '1', NULL, 5, '2017-03-14 11:41:30', '', 1, 'Y3DRDEWQ', '', 6, '2017-03-14 04:41:30', '2017-03-17 09:35:39', 0, 0, 0, 0, 0),
(187, '1', NULL, 6, '2017-03-14 11:41:30', '', 1, 'Y3DRVAPO', '', 6, '2017-03-14 04:41:30', '2017-03-17 09:35:39', 0, 0, 0, 0, 0),
(188, '1', NULL, 7, '2017-03-14 11:41:30', '', 1, 'Y3DRWPMW', '', 6, '2017-03-14 04:41:30', '2017-03-17 09:35:39', 0, 0, 0, 0, 0),
(189, '1', NULL, 8, '2017-03-14 11:41:30', '', 1, 'Y3DRYEJF', '', 6, '2017-03-14 04:41:30', '2017-03-17 09:35:39', 0, 0, 0, 0, 0),
(190, '1', NULL, 9, '2017-03-14 11:41:30', '', 1, 'Y3DRZSHN', '', 6, '2017-03-14 04:41:30', '2017-03-17 09:35:39', 0, 0, 0, 0, 0),
(191, '1', NULL, 10, '2017-03-14 11:41:30', '', 1, 'Y3DRBHEW', '', 6, '2017-03-14 04:41:30', '2017-03-17 09:35:39', 0, 0, 0, 0, 0),
(192, '1', NULL, 11, '2017-03-14 11:41:30', 'T6', 1, 'Y3DRAYKQ', '', 6, '2017-03-14 04:41:30', '2017-03-17 09:35:39', 0, 0, 0, 0, 0),
(193, '1', NULL, 12, '2017-03-14 11:41:30', 'J4B,A1,T6,J4A', 1, 'Y3DRXXUE', '', 6, '2017-03-14 04:41:30', '2017-03-17 09:35:39', 0, 0, 0, 0, 0),
(194, '1', NULL, 13, '2017-03-14 11:41:30', 'T6,T8,J4A', 1, 'Y3DRZLSM', '', 6, '2017-03-14 04:41:30', '2017-03-17 09:35:39', 0, 0, 0, 0, 0),
(195, '1', NULL, 14, '2017-03-14 11:41:30', 'J4B,T6,J4A', 1, 'Y3DRAAPV', '', 6, '2017-03-14 04:41:30', '2017-03-17 09:35:39', 0, 0, 0, 0, 0),
(196, '1', NULL, 15, '2017-03-14 11:41:30', '', 1, 'Y3DROHUY', '', 6, '2017-03-14 04:41:30', '2017-03-17 09:35:39', 0, 0, 0, 0, 0),
(197, '1', NULL, 16, '2017-03-14 11:41:30', '', 1, 'Y3DRPWRH', '', 6, '2017-03-14 04:41:30', '2017-03-17 09:35:39', 0, 0, 0, 0, 0),
(198, '1', NULL, 17, '2017-03-14 11:41:30', '', 1, 'Y3DRRKOP', '', 6, '2017-03-14 04:41:30', '2017-03-17 09:35:39', 0, 0, 0, 0, 0),
(199, '1', NULL, 18, '2017-03-14 11:41:30', '', 1, 'Y3DRSZMY', '', 6, '2017-03-14 04:41:30', '2017-03-17 09:35:39', 0, 0, 0, 0, 0),
(200, '1', NULL, 19, '2017-03-14 11:41:30', '', 1, 'Y3DRTOJG', '', 6, '2017-03-14 04:41:30', '2017-03-17 09:35:39', 0, 0, 0, 0, 0),
(201, '1', NULL, 20, '2017-03-14 11:41:30', '', 1, 'Y3DRQNTU', '', 6, '2017-03-14 04:41:30', '2017-03-17 09:35:39', 0, 0, 0, 0, 0),
(206, '1', 17, 1, '2017-03-20 17:07:36', 'GOOD', 1, 'XXX', '', NULL, '2017-03-20 10:07:36', '0000-00-00 00:00:00', 0, 0, 0, 0, 0),
(207, '1', 17, 2, '2017-03-20 17:07:58', 'GOOD', 1, 'XXX002', '', NULL, '2017-03-20 10:07:58', '0000-00-00 00:00:00', 0, 0, 0, 0, 0),
(208, '1', 18, 1, '2017-03-28 13:46:18', 'REJECT', 1, 'WY31P83M', '', 10, '2017-03-28 07:48:22', '2017-03-28 07:53:38', 0, 0, 0, 0, 0),
(209, '1', 18, 2, '2017-03-28 13:46:18', 'REJECT', 1, 'WY31N83S', '', 10, '2017-03-28 07:48:22', '2017-03-28 07:53:38', 0, 0, 0, 0, 0),
(210, '1', 18, 3, '2017-03-28 13:46:18', 'REJECT', 1, 'WY31N811', '', 10, '2017-03-28 07:48:22', '2017-03-28 07:53:38', 0, 0, 0, 0, 0),
(211, '1', 18, 4, '2017-03-28 13:46:18', 'REJECT', 2, '', '', 10, '2017-03-28 07:48:22', '2017-03-29 04:08:11', 0, 0, 0, 0, 0),
(212, '1', 18, 5, '2017-03-28 13:46:18', 'REJECT', 1, '', '', 10, '2017-03-28 07:48:22', '2017-03-28 07:53:38', 0, 0, 0, 0, 0),
(213, '1', 18, 6, '2017-03-28 13:46:18', 'REJECT', 2, 'ZYX12345', '', 10, '2017-03-28 07:48:22', '2017-03-29 04:09:58', 0, 0, 0, 0, 0),
(214, '1', 18, 7, '2017-03-28 13:46:18', 'REJECT', 2, 'ABCDEFGH', '', 10, '2017-03-28 07:48:22', '2017-03-29 04:08:05', 0, 0, 0, 0, 0),
(215, '1', 18, 8, '2017-03-28 13:46:18', 'REJECT', 2, '', '', 10, '2017-03-28 07:48:22', '2017-03-29 01:15:57', 0, 0, 0, 0, 0),
(216, '1', 18, 9, '2017-03-28 13:46:18', 'REJECT', 1, '', '', 10, '2017-03-28 07:48:22', '2017-03-28 07:53:38', 0, 0, 0, 0, 0),
(217, '1', 18, 10, '2017-03-28 13:46:18', 'REJECT', 1, '', '', 10, '2017-03-28 07:48:22', '2017-03-28 07:53:38', 0, 0, 0, 0, 0),
(218, '1', 19, 1, '2017-03-28 13:46:18', 'REJECT', 1, '12345678', '', 10, '2017-03-28 07:48:22', '2017-03-29 04:08:17', 0, 0, 0, 0, 0),
(219, '1', 19, 2, '2017-03-28 13:46:18', 'REJECT', 1, 'WYML222R', '', 10, '2017-03-28 07:48:22', '2017-03-28 07:53:38', 0, 0, 0, 0, 0),
(220, '1', 19, 3, '2017-03-28 13:46:18', 'REJECT', 1, 'WYMLDH0U', '', 10, '2017-03-28 07:48:22', '2017-03-28 07:53:38', 0, 0, 0, 0, 0),
(221, '1', 19, 4, '2017-03-28 13:46:18', 'REJECT', 2, 'WYMYP94E', '', 10, '2017-03-28 07:48:22', '2017-03-29 00:37:13', 0, 0, 0, 0, 0),
(222, '1', 19, 5, '2017-03-28 13:46:18', 'REJECT', 1, 'WYML0842', '', 10, '2017-03-28 07:48:22', '2017-03-28 07:53:38', 0, 0, 0, 0, 0),
(223, '1', 19, 6, '2017-03-28 13:46:18', 'REJECT', 1, 'WYMYB14S', '', 10, '2017-03-28 07:48:22', '2017-03-28 07:53:38', 0, 0, 0, 0, 0),
(224, '1', 19, 7, '2017-03-28 13:46:18', 'REJECT', 1, 'WYMLDH04', '', 10, '2017-03-28 07:48:22', '2017-03-28 07:53:38', 0, 0, 0, 0, 0),
(225, '1', 19, 8, '2017-03-28 13:46:18', 'REJECT', 1, 'WYM?B463', '', 10, '2017-03-28 07:48:22', '2017-03-28 07:53:38', 0, 0, 0, 0, 0),
(226, '1', 19, 9, '2017-03-28 13:46:18', 'REJECT', 1, 'WYMLGH4Y', '', 10, '2017-03-28 07:48:22', '2017-03-28 07:53:38', 0, 0, 0, 0, 0),
(227, '1', 19, 10, '2017-03-28 13:46:18', 'REJECT', 1, 'WYML218V', '', 10, '2017-03-28 07:48:22', '2017-03-28 07:53:38', 0, 0, 0, 0, 0),
(228, '1', 20, 1, '2017-04-25 10:00:36', 'REJECT', 1, 'WYKU789W', '', NULL, '2017-05-22 04:42:12', '0000-00-00 00:00:00', 0, 0, 0, 0, 0),
(229, '1', 20, 2, '2017-04-25 10:00:36', 'REJECT', 1, 'WYKU789X', '', NULL, '2017-05-22 04:42:12', '0000-00-00 00:00:00', 0, 0, 0, 0, 0),
(230, '1', 20, 3, '2017-04-25 10:00:36', 'REJECT', 1, 'WYKU7891', '', NULL, '2017-05-22 04:42:12', '0000-00-00 00:00:00', 0, 0, 0, 0, 0),
(231, '1', 20, 4, '2017-04-25 10:00:36', 'REJECT', 1, 'WYKU7892', '', NULL, '2017-05-22 04:42:12', '0000-00-00 00:00:00', 0, 0, 0, 0, 0),
(232, '1', 20, 5, '2017-04-25 10:00:36', 'REJECT', 1, 'WYKU793W', '', NULL, '2017-05-22 04:42:12', '0000-00-00 00:00:00', 0, 0, 0, 0, 0),
(233, '1', 20, 6, '2017-04-25 10:00:36', 'REJECT', 1, 'WYKU895C', '', NULL, '2017-05-22 04:42:12', '0000-00-00 00:00:00', 0, 0, 0, 0, 0),
(234, '1', 20, 7, '2017-04-25 10:00:36', 'REJECT', 1, 'WYKU895G', '', NULL, '2017-05-22 04:42:12', '0000-00-00 00:00:00', 0, 0, 0, 0, 0),
(235, '1', 20, 8, '2017-04-25 10:00:36', 'REJECT', 1, 'WYKU895N', '', NULL, '2017-05-22 04:42:12', '0000-00-00 00:00:00', 0, 0, 0, 0, 0),
(236, '1', 20, 9, '2017-04-25 10:00:36', 'REJECT', 1, 'WYKU895P', '', NULL, '2017-05-22 04:42:12', '0000-00-00 00:00:00', 0, 0, 0, 0, 0),
(237, '1', 20, 10, '2017-04-25 10:00:36', 'REJECT', 1, 'WYKU895R', '', NULL, '2017-05-22 04:42:12', '0000-00-00 00:00:00', 0, 0, 0, 0, 0),
(238, '1', 21, 1, '2017-04-24 15:55:22', 'REJECT', 1, 'WYL4AD1A', '', NULL, '2017-05-22 04:43:03', '0000-00-00 00:00:00', 0, 0, 0, 0, 0),
(239, '1', 21, 2, '2017-04-24 15:55:22', 'REJECT', 1, 'WYL4AD1F', '', NULL, '2017-05-22 04:43:04', '0000-00-00 00:00:00', 0, 0, 0, 0, 0),
(240, '1', 21, 3, '2017-04-24 15:55:22', 'REJECT', 1, 'WYL4AD1G', '', NULL, '2017-05-22 04:43:04', '0000-00-00 00:00:00', 0, 0, 0, 0, 0),
(241, '1', 21, 4, '2017-04-24 15:55:22', 'REJECT', 1, 'WYL4AD1H', '', NULL, '2017-05-22 04:43:04', '0000-00-00 00:00:00', 0, 0, 0, 0, 0),
(242, '1', 21, 5, '2017-04-24 15:55:22', 'REJECT', 1, 'WYL4AD1N', '', NULL, '2017-05-22 04:43:04', '0000-00-00 00:00:00', 0, 0, 0, 0, 0),
(243, '1', 21, 6, '2017-04-24 15:55:22', 'REJECT', 1, 'WYL4BE1Y', '', NULL, '2017-05-22 04:43:04', '0000-00-00 00:00:00', 0, 0, 0, 0, 0),
(244, '1', 21, 7, '2017-04-24 15:55:22', 'REJECT', 1, 'WYL4BE1Z', '', NULL, '2017-05-22 04:43:04', '0000-00-00 00:00:00', 0, 0, 0, 0, 0),
(245, '1', 21, 8, '2017-04-24 15:55:22', 'REJECT', 1, 'WYL4BE12', '', NULL, '2017-05-22 04:43:04', '0000-00-00 00:00:00', 0, 0, 0, 0, 0),
(246, '1', 21, 9, '2017-04-24 15:55:22', 'REJECT', 1, 'WYL4BE13', '', NULL, '2017-05-22 04:43:04', '0000-00-00 00:00:00', 0, 0, 0, 0, 0),
(247, '1', 21, 10, '2017-04-24 15:55:22', 'REJECT', 1, 'LYL4AE1G', '', NULL, '2017-05-22 04:43:04', '0000-00-00 00:00:00', 0, 0, 0, 0, 0),
(248, '1', 22, 1, '2017-04-24 15:55:22', 'REJECT', 1, 'WYL4AD1A', '', NULL, '2017-05-22 04:44:53', '0000-00-00 00:00:00', 0, 0, 0, 0, 0),
(249, '1', 22, 2, '2017-04-24 15:55:22', 'REJECT', 1, 'WYL4AD1F', '', NULL, '2017-05-22 04:44:53', '0000-00-00 00:00:00', 0, 0, 0, 0, 0),
(250, '1', 22, 3, '2017-04-24 15:55:22', 'REJECT', 1, 'WYL4AD1G', '', NULL, '2017-05-22 04:44:53', '0000-00-00 00:00:00', 0, 0, 0, 0, 0),
(251, '1', 22, 4, '2017-04-24 15:55:22', 'REJECT', 1, 'WYL4AD1H', '', NULL, '2017-05-22 04:44:53', '0000-00-00 00:00:00', 0, 0, 0, 0, 0),
(252, '1', 22, 5, '2017-04-24 15:55:22', 'REJECT', 1, 'WYL4AD1N', '', NULL, '2017-05-22 04:44:53', '0000-00-00 00:00:00', 0, 0, 0, 0, 0),
(253, '1', 22, 6, '2017-04-24 15:55:22', 'REJECT', 2, 'WYL4BE1Y', '', NULL, '2017-05-22 04:44:53', '2017-05-22 04:46:22', 0, 0, 0, 0, 0),
(254, '1', 22, 7, '2017-04-24 15:55:22', 'REJECT', 1, 'WYL4BE1Z', '', NULL, '2017-05-22 04:44:53', '0000-00-00 00:00:00', 0, 0, 0, 0, 0),
(255, '1', 22, 8, '2017-04-24 15:55:22', 'REJECT', 11, 'WYL4BE12', '', NULL, '2017-05-22 04:44:53', '2017-05-22 04:46:48', 0, 0, 0, 0, 0),
(256, '1', 22, 9, '2017-04-24 15:55:22', 'REJECT', 1, 'WYL4BE13', '', NULL, '2017-05-22 04:44:53', '0000-00-00 00:00:00', 0, 0, 0, 0, 0),
(257, '1', 22, 10, '2017-04-24 15:55:22', 'REJECT', 1, 'LYL4AE1G', '', NULL, '2017-05-22 04:44:53', '0000-00-00 00:00:00', 0, 0, 0, 0, 0),
(258, '1', 23, 1, '2017-05-22 11:56:43', 'REJECT', 2, 'WYKUBF5J', '', 13, '2017-05-22 04:56:52', '2017-05-23 07:10:26', 0, 0, 0, 0, 0),
(259, '1', 23, 2, '2017-05-22 11:56:43', 'REJECT', 2, 'WYKUBF5K', '', 13, '2017-05-22 04:56:52', '2017-06-12 04:07:43', 0, 0, 0, 0, 0),
(260, '1', 23, 3, '2017-05-22 11:56:43', 'GOOD', 1, 'WYKUBF5L', '', 13, '2017-05-22 04:56:52', '2017-05-23 07:10:26', 0, 0, 0, 0, 0),
(261, '1', 23, 4, '2017-05-22 11:56:43', 'REJECT', 1, 'LYKUBG1C', '', 13, '2017-05-22 04:56:52', '2017-05-23 07:10:26', 0, 0, 0, 0, 0),
(262, '1', 23, 5, '2017-05-22 11:56:43', 'GOOD', 1, 'WYKUBF9E', '', 13, '2017-05-22 04:56:52', '2017-05-23 07:10:26', 0, 0, 0, 0, 0),
(263, '1', 23, 6, '2017-05-22 11:56:43', 'GOOD', 1, 'WYKUBF9G', '', 13, '2017-05-22 04:56:52', '2017-05-23 07:10:26', 0, 0, 0, 0, 0),
(264, '1', 23, 7, '2017-05-22 11:56:43', 'REJECT', 1, 'WYKUBF9H', '', 13, '2017-05-22 04:56:52', '2017-05-23 07:10:26', 0, 0, 0, 0, 0),
(265, '1', 23, 8, '2017-05-22 11:56:43', 'REJECT', 2, '', '', 13, '2017-05-22 04:56:52', '2017-06-12 04:58:18', 0, 0, 0, 0, 0),
(266, '1', 23, 9, '2017-05-22 11:56:43', 'REJECT', 1, 'WYKUBF9K', '', 13, '2017-05-22 04:56:52', '2017-05-23 07:10:26', 0, 0, 0, 0, 0),
(267, '1', 23, 10, '2017-05-22 11:56:43', 'GOOD', 8, 'WYKUBF9L', '', 13, '2017-05-22 04:56:52', '2017-06-12 04:07:34', 0, 0, 0, 0, 0),
(268, '1', 24, 1, '2017-05-22 11:56:43', 'REJECT', 2, 'WYKUBH3S', '', 13, '2017-05-22 04:56:52', '2017-05-23 07:14:54', 0, 0, 0, 0, 0),
(269, '1', 24, 2, '2017-05-22 11:56:43', 'GOOD', 44, 'WYKUAG9P', '', 13, '2017-05-22 04:56:52', '2017-06-12 04:07:39', 0, 0, 0, 0, 0),
(270, '1', 24, 3, '2017-05-22 11:56:43', 'GOOD', 1, 'WYKUAG9S', '', 13, '2017-05-22 04:56:52', '2017-05-23 07:10:26', 0, 0, 0, 0, 0),
(271, '1', 24, 4, '2017-05-22 11:56:43', 'REJECT', 1, 'WYKUAG9T', '', 13, '2017-05-22 04:56:52', '2017-05-23 07:10:26', 0, 0, 0, 0, 0),
(272, '1', 24, 5, '2017-05-22 11:56:43', 'REJECT', 1, 'WYKUAG9V', '', 13, '2017-05-22 04:56:52', '2017-05-23 07:10:26', 0, 0, 0, 0, 0),
(273, '1', 24, 6, '2017-05-22 11:56:43', 'GOOD', 1, 'WYKUAG7R', '', 13, '2017-05-22 04:56:52', '2017-05-23 07:10:26', 0, 0, 0, 0, 0),
(274, '1', 24, 7, '2017-05-22 11:56:43', 'REJECT', 1, 'WYKUAG7Y', '', 13, '2017-05-22 04:56:52', '2017-05-23 07:10:26', 0, 0, 0, 0, 0),
(275, '1', 24, 8, '2017-05-22 11:56:43', 'REJECT', 16, 'WYKUBG9J', '', 13, '2017-05-22 04:56:53', '2017-05-23 07:10:26', 0, 0, 0, 0, 0),
(276, '1', 24, 9, '2017-05-22 11:56:43', 'REJECT', 2, 'WYKUBG9K', '', 13, '2017-05-22 04:56:53', '2017-05-23 07:10:26', 0, 0, 0, 0, 0),
(277, '1', 24, 10, '2017-05-22 11:56:43', 'GOOD', 1, 'WYKUBG9P', '', 13, '2017-05-22 04:56:53', '2017-05-23 07:10:26', 0, 0, 0, 0, 0),
(278, '1', 25, 1, '2017-05-09 09:59:48', 'REJECT', 1, 'Y246872V', '', 12, '2017-05-23 07:08:56', '2017-05-23 07:08:58', 0, 0, 0, 0, 0),
(279, '1', 25, 2, '2017-05-09 09:59:48', 'REJECT', 1, 'Y246872W', '', 12, '2017-05-23 07:08:57', '2017-05-23 07:08:58', 0, 0, 0, 0, 0),
(280, '1', 25, 3, '2017-05-09 09:59:48', 'REJECT', 1, 'Y246872Z', '', 12, '2017-05-23 07:08:57', '2017-05-23 07:08:58', 0, 0, 0, 0, 0),
(281, '1', 25, 4, '2017-05-09 09:59:48', 'REJECT', 1, 'Y2468721', '', 12, '2017-05-23 07:08:57', '2017-05-23 07:08:58', 0, 0, 0, 0, 0),
(282, '1', 25, 5, '2017-05-09 09:59:48', 'REJECT', 1, 'Y246772E', '', 12, '2017-05-23 07:08:57', '2017-05-23 07:08:58', 0, 0, 0, 0, 0),
(283, '1', 25, 6, '2017-05-09 09:59:48', 'REJECT', 1, 'Y246874K', '', 12, '2017-05-23 07:08:57', '2017-05-23 07:08:58', 0, 0, 0, 0, 0),
(284, '1', 25, 7, '2017-05-09 09:59:48', 'REJECT', 1, 'WW71209X', '', 12, '2017-05-23 07:08:57', '2017-05-23 07:08:58', 0, 0, 0, 0, 0),
(285, '1', 25, 8, '2017-05-09 09:59:48', 'REJECT', 1, 'WW71107Y', '', 12, '2017-05-23 07:08:57', '2017-05-23 07:08:58', 0, 0, 0, 0, 0),
(286, '1', 25, 9, '2017-05-09 09:59:48', 'REJECT', 1, 'WYHPAT1R', '', 12, '2017-05-23 07:08:57', '2017-05-23 07:08:58', 0, 0, 0, 0, 0),
(287, '1', 25, 10, '2017-05-09 09:59:48', 'GOOD', 1, 'Y246874N', '', 12, '2017-05-23 07:08:57', '2017-05-23 07:08:58', 0, 0, 0, 0, 0),
(288, '1', 26, 1, '2017-05-09 09:59:48', 'REJECT', 1, 'Y246766S', '', 12, '2017-05-23 07:08:57', '2017-05-23 07:08:58', 0, 0, 0, 0, 0),
(289, '1', 26, 2, '2017-05-09 09:59:48', 'GOOD', 1, 'Y246868M', '', 12, '2017-05-23 07:08:57', '2017-05-23 07:08:58', 0, 0, 0, 0, 0),
(290, '1', 26, 3, '2017-05-09 09:59:48', 'REJECT', 1, 'Y246868N', '', 12, '2017-05-23 07:08:57', '2017-05-23 07:08:58', 0, 0, 0, 0, 0),
(291, '1', 26, 4, '2017-05-09 09:59:48', 'REJECT', 1, 'Y2468684', '', 12, '2017-05-23 07:08:57', '2017-05-23 07:08:58', 0, 0, 0, 0, 0),
(292, '1', 26, 5, '2017-05-09 09:59:48', 'GOOD', 1, 'Y246768G', '', 12, '2017-05-23 07:08:57', '2017-05-23 07:08:58', 0, 0, 0, 0, 0),
(293, '1', 26, 6, '2017-05-09 09:59:48', 'REJECT', 1, 'Y246768H', '', 12, '2017-05-23 07:08:57', '2017-05-23 07:08:58', 0, 0, 0, 0, 0),
(294, '1', 26, 7, '2017-05-09 09:59:48', 'REJECT', 1, 'Y246870P', '', 12, '2017-05-23 07:08:57', '2017-05-23 07:08:58', 0, 0, 0, 0, 0),
(295, '1', 26, 8, '2017-05-09 09:59:48', 'REJECT', 1, 'Y246870S', '', 12, '2017-05-23 07:08:57', '2017-05-23 07:08:58', 0, 0, 0, 0, 0),
(296, '1', 26, 9, '2017-05-09 09:59:48', 'GOOD', 1, 'Y246770A', '', 12, '2017-05-23 07:08:57', '2017-05-23 07:08:58', 0, 0, 0, 0, 0),
(297, '1', 26, 10, '2017-05-09 09:59:48', 'REJECT', 1, '', '', 12, '2017-05-23 07:08:57', '2017-05-23 07:08:58', 0, 0, 0, 0, 0),
(298, '1', 27, 1, '2017-05-23 14:35:28', 'REJECT', 1, 'WM44R94V', '', NULL, '2017-05-23 07:35:31', '0000-00-00 00:00:00', 0, 0, 0, 0, 0),
(299, '1', 27, 2, '2017-05-23 14:35:28', 'REJECT', 1, 'WYLC218M', '', NULL, '2017-05-23 07:35:31', '0000-00-00 00:00:00', 0, 0, 0, 0, 0),
(300, '1', 27, 3, '2017-05-23 14:35:28', 'REJECT', 1, 'WYLC220W', '', NULL, '2017-05-23 07:35:31', '0000-00-00 00:00:00', 0, 0, 0, 0, 0),
(301, '1', 27, 4, '2017-05-23 14:35:28', 'GOOD', 1, 'WYLC218P', '', NULL, '2017-05-23 07:35:31', '0000-00-00 00:00:00', 0, 0, 0, 0, 0),
(302, '1', 27, 5, '2017-05-23 14:35:28', 'GOOD', 1, 'WYLC220S', '', NULL, '2017-05-23 07:35:31', '0000-00-00 00:00:00', 0, 0, 0, 0, 0),
(303, '1', 27, 6, '2017-05-23 14:35:28', 'REJECT', 1, 'Y263E06C', '', NULL, '2017-05-23 07:35:31', '0000-00-00 00:00:00', 0, 0, 0, 0, 0),
(304, '1', 27, 7, '2017-05-23 14:35:28', 'GOOD', 1, 'WYLC220R', '', NULL, '2017-05-23 07:35:31', '2017-05-23 10:13:51', 0, 0, 0, 0, 0),
(305, '1', 27, 8, '2017-05-23 14:35:28', 'REJECT', 1, 'WYLC220P', '', NULL, '2017-05-23 07:35:31', '2017-05-23 10:13:56', 0, 0, 0, 0, 0),
(306, '1', 27, 9, '2017-05-23 14:35:28', 'REJECT', 1, 'WYLC216X', '', NULL, '2017-05-23 07:35:31', '0000-00-00 00:00:00', 0, 0, 0, 0, 0),
(307, '1', 27, 10, '2017-05-23 14:35:28', 'REJECT', 1, 'WYLC216W', '', NULL, '2017-05-23 07:35:31', '0000-00-00 00:00:00', 0, 0, 0, 0, 0),
(308, '1', 28, 1, '2017-05-23 14:35:28', 'GOOD', 1, 'WYLC216U', '', NULL, '2017-05-23 07:35:31', '0000-00-00 00:00:00', 0, 0, 0, 0, 0),
(309, '1', 28, 2, '2017-05-23 14:35:28', 'REJECT', 1, 'WYLC216S', '', NULL, '2017-05-23 07:35:31', '0000-00-00 00:00:00', 0, 0, 0, 0, 0),
(310, '1', 28, 3, '2017-05-23 14:35:28', 'GOOD', 1, 'WYLC216R', '', NULL, '2017-05-23 07:35:31', '0000-00-00 00:00:00', 0, 0, 0, 0, 0),
(311, '1', 28, 4, '2017-05-23 14:35:28', 'REJECT', 1, 'WT9YFG6N', '', NULL, '2017-05-23 07:35:31', '0000-00-00 00:00:00', 0, 0, 0, 0, 0),
(312, '1', 28, 5, '2017-05-23 14:35:28', 'REJECT', 1, 'WYLC120U', '', NULL, '2017-05-23 07:35:31', '0000-00-00 00:00:00', 0, 0, 0, 0, 0),
(313, '1', 28, 6, '2017-05-23 14:35:28', 'GOOD', 1, 'WYLC120T', '', NULL, '2017-05-23 07:35:31', '0000-00-00 00:00:00', 0, 0, 0, 0, 0),
(314, '1', 28, 7, '2017-05-23 14:35:28', 'REJECT', 1, 'WYP7E12T', '', NULL, '2017-05-23 07:35:31', '0000-00-00 00:00:00', 0, 0, 0, 0, 0),
(315, '1', 28, 8, '2017-05-23 14:35:28', 'GOOD', 1, 'WYLC120S', '', NULL, '2017-05-23 07:35:31', '0000-00-00 00:00:00', 0, 0, 0, 0, 0),
(316, '1', 28, 9, '2017-05-23 14:35:28', 'GOOD', 1, 'WYLC120N', '', NULL, '2017-05-23 07:35:32', '0000-00-00 00:00:00', 0, 0, 0, 0, 0),
(317, '1', 28, 10, '2017-05-23 14:35:28', 'GOOD', 1, 'WYLC120M', '', NULL, '2017-05-23 07:35:32', '0000-00-00 00:00:00', 0, 0, 0, 0, 0),
(318, '1', 29, 1, '2017-05-24 13:51:29', 'GOOD', 61, '', '', 15, '2017-05-24 06:52:33', '2017-06-13 03:29:32', 0, 0, 0, 0, 0),
(319, '1', 29, 2, '2017-05-24 13:51:29', 'GOOD', 52, 'WYLCA68L', '', 15, '2017-05-24 06:52:33', '2017-06-13 04:02:18', 0, 0, 0, 0, 0),
(320, '1', 29, 3, '2017-05-24 13:51:29', 'GOOD', 1, 'WYLCA68H', '', 15, '2017-05-24 06:52:33', '2017-05-24 07:10:18', 0, 0, 0, 0, 0),
(321, '1', 29, 4, '2017-05-24 13:51:29', 'GOOD', 1, 'WYLCA70N', '', 15, '2017-05-24 06:52:33', '2017-05-24 07:10:18', 0, 0, 0, 0, 0),
(322, '1', 29, 5, '2017-05-24 13:51:29', 'GOOD', 61, 'WYLCA70E', '', 15, '2017-05-24 06:52:33', '2017-06-13 04:01:12', 0, 0, 0, 0, 0),
(323, '1', 29, 6, '2017-05-24 13:51:29', 'GOOD', 36, 'WYLCDW0U', '', 15, '2017-05-24 06:52:33', '2017-06-13 03:58:43', 0, 0, 0, 0, 0),
(324, '1', 29, 7, '2017-05-24 13:51:29', 'GOOD', 1, 'Y29F680H', '', 15, '2017-05-24 06:52:33', '2017-05-24 07:10:18', 0, 0, 0, 0, 0),
(325, '1', 29, 8, '2017-05-24 13:51:29', 'GOOD', 1, 'WYLCA70D', '', 15, '2017-05-24 06:52:33', '2017-05-24 07:10:18', 0, 0, 0, 0, 0),
(326, '1', 29, 9, '2017-05-24 13:51:29', 'GOOD', 1, '', '', 15, '2017-05-24 06:52:33', '2017-05-24 07:10:18', 0, 0, 0, 0, 0),
(327, '1', 29, 10, '2017-05-24 13:51:29', 'GOOD', 1, 'WYLCB701', '', 15, '2017-05-24 06:52:33', '2017-05-24 07:10:18', 0, 0, 0, 0, 0),
(328, '1', 30, 1, '2017-05-24 13:51:29', 'GOOD', 1, 'WT9YP30M', '', 15, '2017-05-24 06:52:33', '2017-05-24 07:10:19', 0, 0, 0, 0, 0),
(329, '1', 30, 2, '2017-05-24 13:51:29', 'GOOD', 1, 'WYLCB70Y', '', 15, '2017-05-24 06:52:33', '2017-05-24 07:10:19', 0, 0, 0, 0, 0),
(330, '1', 30, 3, '2017-05-24 13:51:29', 'GOOD', 1, 'WYLCB70V', '', 15, '2017-05-24 06:52:33', '2017-05-24 07:10:19', 0, 0, 0, 0, 0),
(331, '1', 30, 4, '2017-05-24 13:51:29', 'GOOD', 1, 'WYLCB68F', '', 15, '2017-05-24 06:52:33', '2017-05-24 07:10:19', 0, 0, 0, 0, 0),
(332, '1', 30, 5, '2017-05-24 13:51:29', 'GOOD', 1, 'WYLCB68E', '', 15, '2017-05-24 06:52:33', '2017-05-24 07:10:19', 0, 0, 0, 0, 0),
(333, '1', 30, 6, '2017-05-24 13:51:29', 'GOOD', 1, 'WM3XC901', '', 15, '2017-05-24 06:52:33', '2017-05-24 07:10:19', 0, 0, 0, 0, 0),
(334, '1', 30, 7, '2017-05-24 13:51:29', 'GOOD', 1, '', '', 15, '2017-05-24 06:52:33', '2017-05-24 07:10:19', 0, 0, 0, 0, 0),
(335, '1', 30, 8, '2017-05-24 13:51:29', 'GOOD', 1, '', '', 15, '2017-05-24 06:52:33', '2017-05-24 07:10:19', 0, 0, 0, 0, 0),
(336, '1', 30, 9, '2017-05-24 13:51:29', 'GOOD', 1, 'WYLCB70J', '', 15, '2017-05-24 06:52:33', '2017-05-24 07:10:19', 0, 0, 0, 0, 0),
(337, '1', 30, 10, '2017-05-24 13:51:29', 'GOOD', 1, 'WYLCB70G', '', 15, '2017-05-24 06:52:33', '2017-05-24 07:10:19', 0, 0, 0, 0, 0),
(338, '1', 31, 1, '2017-05-24 13:51:29', 'GOOD', 1, 'WYLCB70E', '', 14, '2017-05-24 06:52:33', '2017-05-24 07:10:18', 0, 0, 0, 0, 0),
(339, '1', 31, 2, '2017-05-24 13:51:29', 'GOOD', 21, 'WYLCB70D', '', 14, '2017-05-24 06:52:33', '2017-06-01 09:17:39', 0, 0, 0, 0, 0),
(340, '1', 31, 3, '2017-05-24 13:51:29', 'GOOD', 1, 'WYLCA68T', '', 14, '2017-05-24 06:52:33', '2017-05-24 07:10:18', 0, 0, 0, 0, 0),
(341, '1', 31, 4, '2017-05-24 13:51:29', 'GOOD', 1, 'WYLCA68P', '', 14, '2017-05-24 06:52:33', '2017-05-24 07:10:18', 0, 0, 0, 0, 0),
(342, '1', 31, 5, '2017-05-24 13:51:29', 'GOOD', 1, 'WYLCA72G', '', 14, '2017-05-24 06:52:33', '2017-05-24 07:10:18', 0, 0, 0, 0, 0),
(343, '1', 31, 6, '2017-05-24 13:51:29', 'GOOD', 1, 'WYLCA72F', '', 14, '2017-05-24 06:52:33', '2017-05-24 07:10:18', 0, 0, 0, 0, 0),
(344, '1', 31, 7, '2017-05-24 13:51:29', 'GOOD', 2, 'WYLCA72E', '', 14, '2017-05-24 06:52:33', '2017-06-01 09:05:39', 0, 0, 0, 0, 0),
(345, '1', 31, 8, '2017-05-24 13:51:29', 'GOOD', 1, '', '', 14, '2017-05-24 06:52:33', '2017-05-24 07:10:18', 0, 0, 0, 0, 0),
(346, '1', 31, 9, '2017-05-24 13:51:29', 'GOOD', 1, '', '', 14, '2017-05-24 06:52:33', '2017-05-24 07:10:18', 0, 0, 0, 0, 0),
(347, '1', 31, 10, '2017-05-24 13:51:29', 'GOOD', 1, '', '', 14, '2017-05-24 06:52:33', '2017-05-24 07:10:18', 0, 0, 0, 0, 0),
(348, '1', 32, 1, '2017-05-24 13:51:29', 'GOOD', 1, 'WYLCB68V', '', 14, '2017-05-24 06:52:33', '2017-05-24 07:10:18', 0, 0, 0, 0, 0),
(349, '1', 32, 2, '2017-05-24 13:51:29', 'GOOD', 1, 'WYLCB68U', '', 14, '2017-05-24 06:52:33', '2017-05-24 07:10:18', 0, 0, 0, 0, 0),
(350, '1', 32, 3, '2017-05-24 13:51:29', 'REJECT', 2, 'WYLCB68J', '', 14, '2017-05-24 06:52:33', '2017-06-01 09:13:57', 0, 0, 0, 0, 0),
(351, '1', 32, 4, '2017-05-24 13:51:29', 'GOOD', 1, 'WYLCB68G', '', 14, '2017-05-24 06:52:33', '2017-05-24 07:10:18', 0, 0, 0, 0, 0),
(352, '1', 32, 5, '2017-05-24 13:51:29', 'GOOD', 1, 'WYLCB80G', '', 14, '2017-05-24 06:52:33', '2017-05-24 07:10:18', 0, 0, 0, 0, 0),
(353, '1', 32, 6, '2017-05-24 13:51:29', 'GOOD', 1, 'WYLCB80F', '', 14, '2017-05-24 06:52:33', '2017-05-24 07:10:18', 0, 0, 0, 0, 0),
(354, '1', 32, 7, '2017-05-24 13:51:29', 'GOOD', 1, 'WYLCB80D', '', 14, '2017-05-24 06:52:33', '2017-05-24 07:10:18', 0, 0, 0, 0, 0),
(355, '1', 32, 8, '2017-05-24 13:51:29', 'GOOD', 1, '', '', 14, '2017-05-24 06:52:33', '2017-05-24 07:10:18', 0, 0, 0, 0, 0),
(356, '1', 32, 9, '2017-05-24 13:51:29', 'GOOD', 1, 'WYLCA74T', '', 14, '2017-05-24 06:52:34', '2017-05-24 07:10:18', 0, 0, 0, 0, 0),
(357, '1', 32, 10, '2017-05-24 13:51:29', 'GOOD', 1, 'WYLCA74N', '', 14, '2017-05-24 06:52:34', '2017-05-24 07:10:18', 0, 0, 0, 0, 0),
(358, '1', 33, 1, '2017-05-24 13:51:29', 'GOOD', 1, 'WYLCA74L', '', 16, '2017-05-24 06:52:34', '2017-05-24 07:10:19', 0, 0, 0, 0, 0),
(359, '1', 33, 2, '2017-05-24 13:51:29', 'REJECT', 1, 'WYLCA74K', '', 16, '2017-05-24 06:52:34', '2017-06-15 04:59:57', 0, 0, 0, 0, 0),
(360, '1', 33, 3, '2017-05-24 13:51:29', 'GOOD', 1, 'WYLCB82B', '', 16, '2017-05-24 06:52:34', '2017-05-24 07:10:19', 0, 0, 0, 0, 0),
(361, '1', 33, 4, '2017-05-24 13:51:29', 'NOHGA', 2, 'WYMYAB6F', '', 16, '2017-05-24 06:52:34', '2017-06-15 09:47:03', 0, 0, 0, 0, 0),
(362, '1', 33, 5, '2017-05-24 13:51:29', 'REJECT', 61, 'WYLCA80W', '', 16, '2017-05-24 06:52:34', '2017-06-15 10:00:27', 0, 0, 0, 0, 0),
(363, '1', 33, 6, '2017-05-24 13:51:29', 'REJECT', 3, 'WT9YBA0E', '', 16, '2017-05-24 06:52:34', '2017-06-15 10:00:18', 0, 0, 0, 0, 0),
(364, '1', 33, 7, '2017-05-24 13:51:29', 'GOOD', 1, 'WYLCB64N', '', 16, '2017-05-24 06:52:34', '2017-05-24 07:10:19', 0, 0, 0, 0, 0),
(365, '1', 33, 8, '2017-05-24 13:51:29', 'GOOD', 3, 'WYLCB64J', '', 16, '2017-05-24 06:52:34', '2017-06-15 09:56:04', 0, 0, 0, 0, 0),
(366, '1', 33, 9, '2017-05-24 13:51:29', 'GOOD', 61, 'WYLCB661', '', 16, '2017-05-24 06:52:34', '2017-06-15 09:10:23', 0, 0, 0, 0, 0),
(367, '1', 33, 10, '2017-05-24 13:51:29', 'GOOD', 2, '', '', 16, '2017-05-24 06:52:34', '2017-06-15 09:55:54', 0, 0, 0, 0, 0),
(368, '1', 34, 1, '2017-05-24 13:51:29', 'GOOD', 1, 'WYLCB66R', '', 16, '2017-05-24 06:52:34', '2017-05-24 07:10:19', 0, 0, 0, 0, 0),
(369, '1', 34, 2, '2017-05-24 13:51:29', 'GOOD', 1, 'WYLCB66N', '', 16, '2017-05-24 06:52:34', '2017-05-24 07:10:19', 0, 0, 0, 0, 0),
(370, '1', 34, 3, '2017-05-24 13:51:29', 'GOOD', 61, 'WYLCB66K', '', 16, '2017-05-24 06:52:34', '2017-06-15 10:00:23', 0, 0, 0, 0, 0),
(371, '1', 34, 4, '2017-05-24 13:51:29', 'GOOD', 1, '', '', 16, '2017-05-24 06:52:34', '2017-05-24 07:10:19', 0, 0, 0, 0, 0),
(372, '1', 34, 5, '2017-05-24 13:51:29', 'REJECT', 1, 'WYLCB66J', '', 16, '2017-05-24 06:52:34', '2017-05-24 07:10:19', 0, 0, 0, 0, 0),
(373, '1', 34, 6, '2017-05-24 13:51:29', 'GOOD', 1, 'WYLCB66F', '', 16, '2017-05-24 06:52:34', '2017-05-24 07:10:19', 0, 0, 0, 0, 0),
(374, '1', 34, 7, '2017-05-24 13:51:29', 'REJECT', 1, 'WYLCB66B', '', 16, '2017-05-24 06:52:34', '2017-05-24 07:10:19', 0, 0, 0, 0, 0),
(375, '1', 34, 8, '2017-05-24 13:51:29', 'GOOD', 1, '', '', 16, '2017-05-24 06:52:34', '2017-05-24 07:10:19', 0, 0, 0, 0, 0),
(376, '1', 34, 9, '2017-05-24 13:51:29', 'GOOD', 1, 'WNW5822B', '', 16, '2017-05-24 06:52:34', '2017-05-24 07:10:19', 0, 0, 0, 0, 0),
(377, '1', 34, 10, '2017-05-24 13:51:29', 'GOOD', 16, 'WNW57581', '', 16, '2017-05-24 06:52:34', '2017-06-15 09:12:52', 0, 0, 0, 0, 0),
(378, '1', 35, 1, '2017-06-07 08:47:33', 'REJECT', 1, 'Y225J88D', '', 17, '2017-06-07 01:47:51', '2017-06-07 01:48:28', 0, 0, 0, 0, 0),
(379, '1', 35, 2, '2017-06-07 08:47:33', 'REJECT', 1, 'Y225K91W', '', 17, '2017-06-07 01:47:51', '2017-06-07 01:48:28', 0, 0, 0, 0, 0),
(380, '1', 35, 3, '2017-06-07 08:47:33', 'REJECT', 1, 'Y225J93D', '', 17, '2017-06-07 01:47:51', '2017-06-07 01:48:28', 0, 0, 0, 0, 0),
(381, '1', 35, 4, '2017-06-07 08:47:33', 'REJECT', 1, 'Y225K95K', '', 17, '2017-06-07 01:47:51', '2017-06-07 01:48:28', 0, 0, 0, 0, 0),
(382, '1', 35, 5, '2017-06-07 08:47:33', 'REJECT', 1, 'Y225J91W', '', 17, '2017-06-07 01:47:51', '2017-06-07 01:48:28', 0, 0, 0, 0, 0),
(383, '1', 35, 6, '2017-06-07 08:47:33', 'REJECT', 1, 'Y225J92Z', '', 17, '2017-06-07 01:47:51', '2017-06-07 01:48:28', 0, 0, 0, 0, 0),
(384, '1', 35, 7, '2017-06-07 08:47:33', 'REJECT', 1, 'Y225J92Y', '', 17, '2017-06-07 01:47:51', '2017-06-07 01:48:28', 0, 0, 0, 0, 0),
(385, '1', 35, 8, '2017-06-07 08:47:33', 'REJECT', 1, 'Y225J90P', '', 17, '2017-06-07 01:47:51', '2017-06-07 01:48:28', 0, 0, 0, 0, 0),
(386, '1', 35, 9, '2017-06-07 08:47:33', 'REJECT', 1, 'Y225J90N', '', 17, '2017-06-07 01:47:51', '2017-06-07 01:48:28', 0, 0, 0, 0, 0),
(387, '1', 35, 10, '2017-06-07 08:47:33', 'REJECT', 1, 'Y225J88C', '', 17, '2017-06-07 01:47:51', '2017-06-07 01:48:28', 0, 0, 0, 0, 0),
(388, '1', 36, 1, '2017-06-07 08:47:33', 'REJECT', 1, 'Y225J95B', '', 17, '2017-06-07 01:47:52', '2017-06-07 01:48:27', 0, 0, 0, 0, 0),
(389, '1', 36, 2, '2017-06-07 08:47:33', 'REJECT', 3, 'Y225K94X', '', 17, '2017-06-07 01:47:52', '2017-06-07 01:54:10', 0, 0, 0, 0, 0),
(390, '1', 36, 3, '2017-06-07 08:47:33', 'REJECT', 1, 'Y225K93S', '', 17, '2017-06-07 01:47:52', '2017-06-07 01:48:27', 0, 0, 0, 0, 0),
(391, '1', 36, 4, '2017-06-07 08:47:33', 'GOOD', 1, 'Y225J92V', '', 17, '2017-06-07 01:47:52', '2017-06-07 01:48:27', 0, 0, 0, 0, 0),
(392, '1', 36, 5, '2017-06-07 08:47:33', 'GOOD', 1, 'Y1W6FV0J', '', 17, '2017-06-07 01:47:52', '2017-06-07 01:48:27', 0, 0, 0, 0, 0),
(393, '1', 36, 6, '2017-06-07 08:47:33', 'REJECT', 1, 'Y1W6G34T', '', 17, '2017-06-07 01:47:52', '2017-06-07 01:48:27', 0, 0, 0, 0, 0),
(394, '1', 36, 7, '2017-06-07 08:47:33', 'REJECT', 1, 'Y1W6GN9A', '', 17, '2017-06-07 01:47:52', '2017-06-07 01:48:27', 0, 0, 0, 0, 0),
(395, '1', 36, 8, '2017-06-07 08:47:33', 'REJECT', 1, 'Y1W6FN9G', '', 17, '2017-06-07 01:47:52', '2017-06-07 01:48:27', 0, 0, 0, 0, 0),
(396, '1', 36, 9, '2017-06-07 08:47:33', 'GOOD', 1, 'Y1W6E34E', '', 17, '2017-06-07 01:47:52', '2017-06-07 01:48:27', 0, 0, 0, 0, 0),
(397, '1', 36, 10, '2017-06-07 08:47:33', 'REJECT', 1, 'Y1W6HH8V', '', 17, '2017-06-07 01:47:52', '2017-06-07 01:48:27', 0, 0, 0, 0, 0),
(398, '1', 42, 1, '2017-07-18 09:37:08', 'REJECT', 1, 'WY9RDG4Z', 'WY9RDG4Z', 18, '2017-07-18 02:44:05', '2017-07-18 02:44:31', 0.0003, 1.2702, 89.8933, 0.0021, 0.0008),
(399, '1', 42, 2, '2017-07-18 09:37:08', 'REJECT', 1, 'WY9RDF63', 'WY9RDF63', 18, '2017-07-18 02:44:06', '2017-07-18 02:44:31', -0.0011, 1.2703, 89.8954, 0.0022, -0.0007),
(400, '1', 42, 3, '2017-07-18 09:37:08', 'REJECT', 1, 'WY9RDG63', 'WY9RDG63', 18, '2017-07-18 02:44:06', '2017-07-18 02:44:31', -0.0017, 1.2663, 89.3715, -0.0018, 0.0009),
(401, '1', 42, 4, '2017-07-18 09:37:08', 'REJECT', 61, 'Y7DR533K', 'Y7DR533K', 18, '2017-07-18 02:44:06', '2017-07-20 02:43:45', -0.0036, 1.2655, 90.0085, -0.0026, -0.0037),
(402, '1', 42, 5, '2017-07-18 09:37:08', 'REJECT', 2, 'WY9RDK9E', 'WY9RDK9E', 18, '2017-07-18 02:44:06', '2017-07-20 02:48:59', 0.0081, 1.2745, 90.1234, 0.0064, 0.0076),
(403, '1', 42, 6, '2017-07-18 09:37:08', 'REJECT', 61, 'WY9RDL1R', 'WY9RDL1R', 18, '2017-07-18 02:44:06', '2017-07-20 02:48:12', 0.0043, 1.2687, 89.9905, 0.0006, 0.0044),
(404, '1', 42, 7, '2017-07-18 09:37:08', 'GOOD', 1, 'WY9RCG7E', 'WY9RCG7E', 18, '2017-07-18 02:44:06', '2017-07-18 02:44:31', -0.005, 1.2679, 89.9188, -0.0002, -0.0047),
(405, '1', 42, 8, '2017-07-18 09:37:08', 'GOOD', 1, 'Y732815X', 'Y732815X', 18, '2017-07-18 02:44:06', '2017-07-18 02:44:31', 0.0008, 1.264, 89.839, -0.0041, 0.0015),
(406, '1', 42, 9, '2017-07-18 09:37:08', 'REJECT', 1, 'Y732719J', 'Y732719J', 18, '2017-07-18 02:44:06', '2017-07-18 02:44:31', -0.0055, 1.2616, 89.9058, -0.0065, -0.0052),
(407, '1', 42, 10, '2017-07-18 09:37:08', 'REJECT', 1, 'Y732719X', 'Y732719X', 18, '2017-07-18 02:44:06', '2017-07-18 02:44:31', 0.0013, 1.252, 90.0913, -0.0161, 0.0009),
(408, '1', 43, 1, '2017-07-18 09:37:08', 'GOOD', 1, 'Y732715W', 'Y732715W', 18, '2017-07-18 02:44:11', '2017-07-18 02:44:31', 0.0027, 1.2672, 89.93, -0.0009, 0.0029),
(409, '1', 43, 2, '2017-07-18 09:37:08', 'GOOD', 1, 'Y732814E', 'Y732814E', 18, '2017-07-18 02:44:12', '2017-07-18 02:44:31', -0.0021, 1.2638, 89.8552, -0.0043, -0.0015),
(410, '1', 43, 3, '2017-07-18 09:37:08', 'GOOD', 1, 'Y732718R', 'Y732718R', 18, '2017-07-18 02:44:12', '2017-07-18 02:44:31', -0.0056, 1.261, 90.0655, -0.0072, -0.0058),
(411, '1', 43, 4, '2017-07-18 09:37:08', 'REJECT', 1, 'Y7UNGW3D', 'Y7UNGW3D', 18, '2017-07-18 02:44:12', '2017-07-18 02:44:31', -0.0063, 1.2636, 89.9058, -0.0045, -0.0059),
(412, '1', 43, 5, '2017-07-18 09:37:08', 'GOOD', 1, 'Y732716D', 'Y732716D', 18, '2017-07-18 02:44:12', '2017-07-18 02:44:31', -0.0055, 1.2516, 89.8194, -0.0165, -0.0048),
(413, '1', 43, 6, '2017-07-18 09:37:08', 'GOOD', 1, 'Y732823B', 'Y732823B', 18, '2017-07-18 02:44:12', '2017-07-18 02:44:31', -0.0063, 1.2555, 90.1721, -0.0126, -0.007),
(414, '1', 43, 7, '2017-07-18 09:37:08', 'GOOD', 1, 'Y732823C', 'Y732823C', 18, '2017-07-18 02:44:12', '2017-07-18 02:44:31', -0.0007, 1.2547, 90.3121, -0.0134, -0.002),
(415, '1', 43, 8, '2017-07-18 09:37:08', 'GOOD', 1, 'Y732816Y', 'Y732816Y', 18, '2017-07-18 02:44:12', '2017-07-18 02:44:31', -0.0013, 1.2605, 90.225, -0.0076, -0.0023),
(416, '1', 43, 9, '2017-07-18 09:37:08', 'GOOD', 1, 'Y732750F', 'Y732750F', 18, '2017-07-18 02:44:12', '2017-07-18 02:44:31', -0.0027, 1.2698, 89.8214, 0.0017, -0.002),
(417, '1', 43, 10, '2017-07-18 09:37:08', 'GOOD', 1, 'Y732749H', 'Y732749H', 18, '2017-07-18 02:44:12', '2017-07-18 02:44:31', -0.0063, 1.265, 89.9638, -0.0031, -0.0061);

-- --------------------------------------------------------

--
-- Table structure for table `hgainfo_view`
--

DROP TABLE IF EXISTS `hgainfo_view`;
CREATE TABLE IF NOT EXISTS `hgainfo_view` (
  `id` int(11) NOT NULL,
  `hgainfoId` int(11) NOT NULL,
  `viewId` int(11) NOT NULL,
  `imagePath` varchar(255) NOT NULL,
  `result` int(20) NOT NULL
) ENGINE=InnoDB AUTO_INCREMENT=1325 DEFAULT CHARSET=latin1;

--
-- Dumping data for table `hgainfo_view`
--

INSERT INTO `hgainfo_view` (`id`, `hgainfoId`, `viewId`, `imagePath`, `result`) VALUES
(1, 1, 1, 'ABCD/20160721090524_1_AT0096_Top.bmp', 2),
(2, 1, 2, 'ABCD/1.bmp', 2),
(3, 2, 1, 'ABCD/20160721090524_3_AT0096_Top.bmp', 2),
(4, 2, 2, 'ABCD/2.bmp', 2),
(105, 3, 1, 'Camera01/Camera01-01.bmp', 2),
(106, 3, 2, 'Camera02/Camera02-01.bmp', 2),
(107, 3, 3, 'Camera03/Camera03-01.bmp', 2),
(108, 3, 4, 'Camera04/Camera04-01.bmp', 2),
(109, 3, 5, 'Camera05/Camera05-01.bmp', 2),
(110, 3, 6, 'Camera06/Camera06-01.bmp', 2),
(111, 3, 7, 'Camera07/Camera07-01.bmp', 2),
(112, 3, 8, 'Camera08/Camera08-01.bmp', 2),
(113, 3, 9, 'Camera09/Camera09-01.bmp', 2),
(114, 3, 10, 'Camera10/Camera10-01.bmp', 2),
(115, 4, 1, 'Camera01/Camera01-02.bmp', 2),
(116, 4, 2, 'Camera02/Camera02-02.bmp', 2),
(117, 4, 3, 'Camera03/Camera03-02.bmp', 2),
(118, 4, 4, 'Camera04/Camera04-02.bmp', 2),
(119, 4, 5, 'Camera05/Camera05-02.bmp', 2),
(120, 4, 6, 'Camera06/Camera06-02.bmp', 2),
(121, 4, 7, 'Camera07/Camera07-02.bmp', 2),
(122, 4, 8, 'Camera08/Camera08-02.bmp', 2),
(123, 4, 9, 'Camera09/Camera09-02.bmp', 2),
(124, 4, 10, 'Camera10/Camera10-02.bmp', 2),
(125, 5, 1, 'Camera01/Camera01-03.bmp', 2),
(126, 5, 2, 'Camera02/Camera02-03.bmp', 2),
(127, 5, 3, 'Camera03/Camera03-03.bmp', 2),
(128, 5, 4, 'Camera04/Camera04-03.bmp', 2),
(129, 5, 5, 'Camera05/Camera05-03.bmp', 2),
(130, 5, 6, 'Camera06/Camera06-03.bmp', 2),
(131, 5, 7, 'Camera07/Camera07-03.bmp', 2),
(132, 5, 8, 'Camera08/Camera08-03.bmp', 2),
(133, 5, 9, 'Camera09/Camera09-03.bmp', 2),
(134, 5, 10, 'Camera10/Camera10-03.bmp', 2),
(135, 6, 1, 'Camera01/Camera01-04.bmp', 2),
(136, 6, 2, 'Camera02/Camera02-04.bmp', 2),
(137, 6, 3, 'Camera03/Camera03-04.bmp', 2),
(138, 6, 4, 'Camera04/Camera04-04.bmp', 2),
(139, 6, 5, 'Camera05/Camera05-04.bmp', 2),
(140, 6, 6, 'Camera06/Camera06-04.bmp', 2),
(141, 6, 7, 'Camera07/Camera07-04.bmp', 2),
(142, 6, 8, 'Camera08/Camera08-04.bmp', 2),
(143, 6, 9, 'Camera09/Camera09-04.bmp', 2),
(144, 6, 10, 'Camera10/Camera10-04.bmp', 2),
(145, 7, 1, 'Camera01/Camera01-05.bmp', 2),
(146, 7, 2, 'Camera02/Camera02-05.bmp', 2),
(147, 7, 3, 'Camera03/Camera03-05.bmp', 2),
(148, 7, 4, 'Camera04/Camera04-05.bmp', 2),
(149, 7, 5, 'Camera05/Camera05-05.bmp', 2),
(150, 7, 6, 'Camera06/Camera06-05.bmp', 2),
(151, 7, 7, 'Camera07/Camera07-05.bmp', 2),
(152, 7, 8, 'Camera08/Camera08-05.bmp', 2),
(153, 7, 9, 'Camera09/Camera09-05.bmp', 2),
(154, 7, 10, 'Camera10/Camera10-05.bmp', 2),
(155, 8, 1, 'Camera01/Camera01-06.bmp', 2),
(156, 8, 2, 'Camera02/Camera02-06.bmp', 2),
(157, 8, 3, 'Camera03/Camera03-06.bmp', 2),
(158, 8, 4, 'Camera04/Camera04-06.bmp', 2),
(159, 8, 5, 'Camera05/Camera05-06.bmp', 2),
(160, 8, 6, 'Camera06/Camera06-06.bmp', 2),
(161, 8, 7, 'Camera07/Camera07-06.bmp', 2),
(162, 8, 8, 'Camera08/Camera08-06.bmp', 2),
(163, 8, 9, 'Camera09/Camera09-06.bmp', 2),
(164, 8, 10, 'Camera10/Camera10-06.bmp', 2),
(165, 9, 1, 'Camera01/Camera01-07.bmp', 2),
(166, 9, 2, 'Camera02/Camera02-07.bmp', 2),
(167, 9, 3, 'Camera03/Camera03-07.bmp', 2),
(168, 9, 4, 'Camera04/Camera04-07.bmp', 2),
(169, 9, 5, 'Camera05/Camera05-07.bmp', 2),
(170, 9, 6, 'Camera06/Camera06-07.bmp', 2),
(171, 9, 7, 'Camera07/Camera07-07.bmp', 2),
(172, 9, 8, 'Camera08/Camera08-07.bmp', 2),
(173, 9, 9, 'Camera09/Camera09-07.bmp', 2),
(174, 9, 10, 'Camera10/Camera10-07.bmp', 2),
(175, 10, 1, 'Camera01/Camera01-08.bmp', 2),
(176, 10, 2, 'Camera02/Camera02-08.bmp', 2),
(177, 10, 3, 'Camera03/Camera03-08.bmp', 2),
(178, 10, 4, 'Camera04/Camera04-08.bmp', 2),
(179, 10, 5, 'Camera05/Camera05-08.bmp', 2),
(180, 10, 6, 'Camera06/Camera06-08.bmp', 2),
(181, 10, 7, 'Camera07/Camera07-08.bmp', 2),
(182, 10, 8, 'Camera08/Camera08-08.bmp', 2),
(183, 10, 9, 'Camera09/Camera09-08.bmp', 2),
(184, 10, 10, 'Camera10/Camera10-08.bmp', 2),
(185, 11, 1, 'Camera01/Camera01-09.bmp', 2),
(186, 11, 2, 'Camera02/Camera02-09.bmp', 2),
(187, 11, 3, 'Camera03/Camera03-09.bmp', 2),
(188, 11, 4, 'Camera04/Camera04-09.bmp', 2),
(189, 11, 5, 'Camera05/Camera05-09.bmp', 2),
(190, 11, 6, 'Camera06/Camera06-09.bmp', 2),
(191, 11, 7, 'Camera07/Camera07-09.bmp', 2),
(192, 11, 8, 'Camera08/Camera08-09.bmp', 2),
(193, 11, 9, 'Camera09/Camera09-09.bmp', 2),
(194, 11, 10, 'Camera10/Camera10-09.bmp', 2),
(195, 12, 1, 'Camera01/Camera01-10.bmp', 2),
(196, 12, 2, 'Camera02/Camera02-10.bmp', 2),
(197, 12, 3, 'Camera03/Camera03-10.bmp', 2),
(198, 12, 4, 'Camera04/Camera04-10.bmp', 2),
(199, 12, 5, 'Camera05/Camera05-10.bmp', 2),
(200, 12, 6, 'Camera06/Camera06-10.bmp', 2),
(201, 12, 7, 'Camera07/Camera07-10.bmp', 2),
(202, 12, 8, 'Camera08/Camera08-10.bmp', 2),
(203, 12, 9, 'Camera09/Camera09-10.bmp', 2),
(204, 12, 10, 'Camera10/Camera10-10.bmp', 2),
(205, 134, 1, 'View_0/View_0-01.bmp', 2),
(206, 134, 2, 'View_1/View_1-02.bmp', 2),
(207, 134, 3, 'View_2/View_2-03.bmp', 2),
(208, 135, 1, 'View_0/View_0-01.bmp', 2),
(209, 135, 2, 'View_1/View_1-02.bmp', 3),
(210, 135, 3, 'View_2/View_2-03.bmp', 8),
(235, 144, 1, 'View_0/View_0-01.bmp', 2),
(236, 144, 2, 'View_1/View_1-01.bmp', 2),
(237, 144, 3, 'View_2/View_2-01.bmp', 2),
(238, 145, 1, 'View_0/View_0-02.bmp', 2),
(239, 145, 2, 'View_1/View_1-02.bmp', 3),
(240, 145, 3, 'View_2/View_2-02.bmp', 8),
(241, 146, 1, 'View_0/View_0-01.bmp', 2),
(242, 146, 2, 'View_1/View_1-01.bmp', 2),
(243, 146, 3, 'View_2/View_2-01.bmp', 2),
(244, 147, 1, 'View_0/View_0-02.bmp', 2),
(245, 147, 2, 'View_1/View_1-02.bmp', 3),
(246, 147, 3, 'View_2/View_2-02.bmp', 8),
(251, 206, 12, 'Top_Alignment/Top_Alignment-01.bmp', 1),
(252, 206, 13, 'Front_Alignment/Front_Alignment-01.bmp', 1),
(253, 207, 12, 'Top_Alignment/Top_Alignment-02.bmp', 1),
(254, 207, 13, 'Front_Alignment/Front_Alignment-02.bmp', 1),
(255, 208, 14, '20170327\\16-57-51_PT0059\\Images\\Camera02/Camera02-01.bmp', 1),
(256, 208, 15, '20170327\\16-57-51_PT0059\\Images\\Camera08/Camera08-01.bmp', 1),
(257, 208, 12, '20170327\\16-57-51_PT0059\\Images\\Camera03/Camera03-01.bmp', 1),
(258, 209, 14, '20170327\\16-57-51_PT0059\\Images\\Camera02/Camera02-02.bmp', 1),
(259, 209, 15, '20170327\\16-57-51_PT0059\\Images\\Camera08/Camera08-02.bmp', 1),
(260, 209, 12, '20170327\\16-57-51_PT0059\\Images\\Camera03/Camera03-02.bmp', 1),
(261, 210, 14, '20170327\\16-57-51_PT0059\\Images\\Camera02/Camera02-03.bmp', 1),
(262, 210, 15, '20170327\\16-57-51_PT0059\\Images\\Camera08/Camera08-03.bmp', 1),
(263, 210, 12, '20170327\\16-57-51_PT0059\\Images\\Camera03/Camera03-03.bmp', 1),
(264, 211, 14, '20170327\\16-57-51_PT0059\\Images\\Camera02/Camera02-04.bmp', 1),
(265, 211, 15, '20170327\\16-57-51_PT0059\\Images\\Camera08/Camera08-04.bmp', 1),
(266, 211, 12, '20170327\\16-57-51_PT0059\\Images\\Camera03/Camera03-04.bmp', 1),
(267, 212, 14, '20170327\\16-57-51_PT0059\\Images\\Camera02/Camera02-05.bmp', 1),
(268, 212, 15, '20170327\\16-57-51_PT0059\\Images\\Camera08/Camera08-05.bmp', 1),
(269, 212, 12, '20170327\\16-57-51_PT0059\\Images\\Camera03/Camera03-05.bmp', 1),
(270, 213, 14, '20170327\\16-57-51_PT0059\\Images\\Camera02/Camera02-06.bmp', 1),
(271, 213, 15, '20170327\\16-57-51_PT0059\\Images\\Camera08/Camera08-06.bmp', 1),
(272, 213, 12, '20170327\\16-57-51_PT0059\\Images\\Camera03/Camera03-06.bmp', 1),
(273, 214, 14, '20170327\\16-57-51_PT0059\\Images\\Camera02/Camera02-07.bmp', 1),
(274, 214, 15, '20170327\\16-57-51_PT0059\\Images\\Camera08/Camera08-07.bmp', 1),
(275, 214, 12, '20170327\\16-57-51_PT0059\\Images\\Camera03/Camera03-07.bmp', 1),
(276, 215, 14, '20170327\\16-57-51_PT0059\\Images\\Camera02/Camera02-08.bmp', 1),
(277, 215, 15, '20170327\\16-57-51_PT0059\\Images\\Camera08/Camera08-08.bmp', 1),
(278, 215, 12, '20170327\\16-57-51_PT0059\\Images\\Camera03/Camera03-08.bmp', 1),
(279, 216, 14, '20170327\\16-57-51_PT0059\\Images\\Camera02/Camera02-09.bmp', 1),
(280, 216, 15, '20170327\\16-57-51_PT0059\\Images\\Camera08/Camera08-09.bmp', 1),
(281, 216, 12, '20170327\\16-57-51_PT0059\\Images\\Camera03/Camera03-09.bmp', 1),
(282, 217, 14, '20170327\\16-57-51_PT0059\\Images\\Camera02/Camera02-10.bmp', 1),
(283, 217, 15, '20170327\\16-57-51_PT0059\\Images\\Camera08/Camera08-10.bmp', 1),
(284, 217, 12, '20170327\\16-57-51_PT0059\\Images\\Camera03/Camera03-10.bmp', 1),
(285, 218, 14, '20170327\\16-56-29_PT0060\\Images\\Camera02/Camera02-01.bmp', 1),
(286, 218, 15, '20170327\\16-56-29_PT0060\\Images\\Camera08/Camera08-01.bmp', 1),
(287, 218, 12, '20170327\\16-56-29_PT0060\\Images\\Camera03/Camera03-01.bmp', 1),
(288, 219, 14, '20170327\\16-56-29_PT0060\\Images\\Camera02/Camera02-02.bmp', 1),
(289, 219, 15, '20170327\\16-56-29_PT0060\\Images\\Camera08/Camera08-02.bmp', 1),
(290, 219, 12, '20170327\\16-56-29_PT0060\\Images\\Camera03/Camera03-02.bmp', 1),
(291, 220, 14, '20170327\\16-56-29_PT0060\\Images\\Camera02/Camera02-03.bmp', 1),
(292, 220, 15, '20170327\\16-56-29_PT0060\\Images\\Camera08/Camera08-03.bmp', 1),
(293, 220, 12, '20170327\\16-56-29_PT0060\\Images\\Camera03/Camera03-03.bmp', 1),
(294, 221, 14, '20170327\\16-56-29_PT0060\\Images\\Camera02/Camera02-04.bmp', 1),
(295, 221, 15, '20170327\\16-56-29_PT0060\\Images\\Camera08/Camera08-04.bmp', 1),
(296, 221, 12, '20170327\\16-56-29_PT0060\\Images\\Camera03/Camera03-04.bmp', 1),
(297, 222, 14, '20170327\\16-56-29_PT0060\\Images\\Camera02/Camera02-05.bmp', 1),
(298, 222, 15, '20170327\\16-56-29_PT0060\\Images\\Camera08/Camera08-05.bmp', 1),
(299, 222, 12, '20170327\\16-56-29_PT0060\\Images\\Camera03/Camera03-05.bmp', 1),
(300, 223, 14, '20170327\\16-56-29_PT0060\\Images\\Camera02/Camera02-06.bmp', 1),
(301, 223, 15, '20170327\\16-56-29_PT0060\\Images\\Camera08/Camera08-06.bmp', 1),
(302, 223, 12, '20170327\\16-56-29_PT0060\\Images\\Camera03/Camera03-06.bmp', 1),
(303, 224, 14, '20170327\\16-56-29_PT0060\\Images\\Camera02/Camera02-07.bmp', 1),
(304, 224, 15, '20170327\\16-56-29_PT0060\\Images\\Camera08/Camera08-07.bmp', 1),
(305, 224, 12, '20170327\\16-56-29_PT0060\\Images\\Camera03/Camera03-07.bmp', 1),
(306, 225, 14, '20170327\\16-56-29_PT0060\\Images\\Camera02/Camera02-08.bmp', 1),
(307, 225, 15, '20170327\\16-56-29_PT0060\\Images\\Camera08/Camera08-08.bmp', 1),
(308, 225, 12, '20170327\\16-56-29_PT0060\\Images\\Camera03/Camera03-08.bmp', 1),
(309, 226, 14, '20170327\\16-56-29_PT0060\\Images\\Camera02/Camera02-09.bmp', 1),
(310, 226, 15, '20170327\\16-56-29_PT0060\\Images\\Camera08/Camera08-09.bmp', 1),
(311, 226, 12, '20170327\\16-56-29_PT0060\\Images\\Camera03/Camera03-09.bmp', 1),
(312, 227, 14, '20170327\\16-56-29_PT0060\\Images\\Camera02/Camera02-10.bmp', 1),
(313, 227, 15, '20170327\\16-56-29_PT0060\\Images\\Camera08/Camera08-10.bmp', 1),
(314, 227, 12, '20170327\\16-56-29_PT0060\\Images\\Camera03/Camera03-10.bmp', 1),
(315, 228, 14, '20170424\\16-54-51_PT0058\\Images\\Top_ABS/Top_ABS-01.bmp', 1),
(316, 228, 12, '20170424\\16-54-51_PT0058\\Images\\Top_Alignment/Top_Alignment-01.bmp', 1),
(317, 228, 15, '20170424\\16-54-51_PT0058\\Images\\Front/Front-01.bmp', 1),
(318, 229, 14, '20170424\\16-54-51_PT0058\\Images\\Top_ABS/Top_ABS-02.bmp', 1),
(319, 229, 12, '20170424\\16-54-51_PT0058\\Images\\Top_Alignment/Top_Alignment-02.bmp', 1),
(320, 229, 15, '20170424\\16-54-51_PT0058\\Images\\Front/Front-02.bmp', 1),
(321, 230, 14, '20170424\\16-54-51_PT0058\\Images\\Top_ABS/Top_ABS-03.bmp', 1),
(322, 230, 12, '20170424\\16-54-51_PT0058\\Images\\Top_Alignment/Top_Alignment-03.bmp', 1),
(323, 230, 15, '20170424\\16-54-51_PT0058\\Images\\Front/Front-03.bmp', 1),
(324, 231, 14, '20170424\\16-54-51_PT0058\\Images\\Top_ABS/Top_ABS-04.bmp', 1),
(325, 231, 12, '20170424\\16-54-51_PT0058\\Images\\Top_Alignment/Top_Alignment-04.bmp', 1),
(326, 231, 15, '20170424\\16-54-51_PT0058\\Images\\Front/Front-04.bmp', 1),
(327, 232, 14, '20170424\\16-54-51_PT0058\\Images\\Top_ABS/Top_ABS-05.bmp', 1),
(328, 232, 12, '20170424\\16-54-51_PT0058\\Images\\Top_Alignment/Top_Alignment-05.bmp', 1),
(329, 232, 15, '20170424\\16-54-51_PT0058\\Images\\Front/Front-05.bmp', 1),
(330, 233, 14, '20170424\\16-54-51_PT0058\\Images\\Top_ABS/Top_ABS-06.bmp', 1),
(331, 233, 12, '20170424\\16-54-51_PT0058\\Images\\Top_Alignment/Top_Alignment-06.bmp', 1),
(332, 233, 15, '20170424\\16-54-51_PT0058\\Images\\Front/Front-06.bmp', 1),
(333, 234, 14, '20170424\\16-54-51_PT0058\\Images\\Top_ABS/Top_ABS-07.bmp', 1),
(334, 234, 12, '20170424\\16-54-51_PT0058\\Images\\Top_Alignment/Top_Alignment-07.bmp', 1),
(335, 234, 15, '20170424\\16-54-51_PT0058\\Images\\Front/Front-07.bmp', 1),
(336, 235, 14, '20170424\\16-54-51_PT0058\\Images\\Top_ABS/Top_ABS-08.bmp', 1),
(337, 235, 12, '20170424\\16-54-51_PT0058\\Images\\Top_Alignment/Top_Alignment-08.bmp', 1),
(338, 235, 15, '20170424\\16-54-51_PT0058\\Images\\Front/Front-08.bmp', 1),
(339, 236, 14, '20170424\\16-54-51_PT0058\\Images\\Top_ABS/Top_ABS-09.bmp', 1),
(340, 236, 12, '20170424\\16-54-51_PT0058\\Images\\Top_Alignment/Top_Alignment-09.bmp', 1),
(341, 236, 15, '20170424\\16-54-51_PT0058\\Images\\Front/Front-09.bmp', 1),
(342, 237, 14, '20170424\\16-54-51_PT0058\\Images\\Top_ABS/Top_ABS-10.bmp', 1),
(343, 237, 12, '20170424\\16-54-51_PT0058\\Images\\Top_Alignment/Top_Alignment-10.bmp', 1),
(344, 237, 15, '20170424\\16-54-51_PT0058\\Images\\Front/Front-10.bmp', 1),
(345, 238, 14, '20170424\\14-45-33_PT0097\\Images\\Top_ABS/Top_ABS-01.bmp', 1),
(346, 238, 12, '20170424\\14-45-33_PT0097\\Images\\Top_Alignment/Top_Alignment-01.bmp', 1),
(347, 238, 15, '20170424\\14-45-33_PT0097\\Images\\Front/Front-01.bmp', 1),
(348, 239, 14, '20170424\\14-45-33_PT0097\\Images\\Top_ABS/Top_ABS-02.bmp', 1),
(349, 239, 12, '20170424\\14-45-33_PT0097\\Images\\Top_Alignment/Top_Alignment-02.bmp', 1),
(350, 239, 15, '20170424\\14-45-33_PT0097\\Images\\Front/Front-02.bmp', 1),
(351, 240, 14, '20170424\\14-45-33_PT0097\\Images\\Top_ABS/Top_ABS-03.bmp', 1),
(352, 240, 12, '20170424\\14-45-33_PT0097\\Images\\Top_Alignment/Top_Alignment-03.bmp', 1),
(353, 240, 15, '20170424\\14-45-33_PT0097\\Images\\Front/Front-03.bmp', 1),
(354, 241, 14, '20170424\\14-45-33_PT0097\\Images\\Top_ABS/Top_ABS-04.bmp', 1),
(355, 241, 12, '20170424\\14-45-33_PT0097\\Images\\Top_Alignment/Top_Alignment-04.bmp', 1),
(356, 241, 15, '20170424\\14-45-33_PT0097\\Images\\Front/Front-04.bmp', 1),
(357, 242, 14, '20170424\\14-45-33_PT0097\\Images\\Top_ABS/Top_ABS-05.bmp', 1),
(358, 242, 12, '20170424\\14-45-33_PT0097\\Images\\Top_Alignment/Top_Alignment-05.bmp', 1),
(359, 242, 15, '20170424\\14-45-33_PT0097\\Images\\Front/Front-05.bmp', 1),
(360, 243, 14, '20170424\\14-45-33_PT0097\\Images\\Top_ABS/Top_ABS-06.bmp', 1),
(361, 243, 12, '20170424\\14-45-33_PT0097\\Images\\Top_Alignment/Top_Alignment-06.bmp', 1),
(362, 243, 15, '20170424\\14-45-33_PT0097\\Images\\Front/Front-06.bmp', 1),
(363, 244, 14, '20170424\\14-45-33_PT0097\\Images\\Top_ABS/Top_ABS-07.bmp', 1),
(364, 244, 12, '20170424\\14-45-33_PT0097\\Images\\Top_Alignment/Top_Alignment-07.bmp', 1),
(365, 244, 15, '20170424\\14-45-33_PT0097\\Images\\Front/Front-07.bmp', 1),
(366, 245, 14, '20170424\\14-45-33_PT0097\\Images\\Top_ABS/Top_ABS-08.bmp', 1),
(367, 245, 12, '20170424\\14-45-33_PT0097\\Images\\Top_Alignment/Top_Alignment-08.bmp', 1),
(368, 245, 15, '20170424\\14-45-33_PT0097\\Images\\Front/Front-08.bmp', 1),
(369, 246, 14, '20170424\\14-45-33_PT0097\\Images\\Top_ABS/Top_ABS-09.bmp', 1),
(370, 246, 12, '20170424\\14-45-33_PT0097\\Images\\Top_Alignment/Top_Alignment-09.bmp', 1),
(371, 246, 15, '20170424\\14-45-33_PT0097\\Images\\Front/Front-09.bmp', 1),
(372, 247, 14, '20170424\\14-45-33_PT0097\\Images\\Top_ABS/Top_ABS-10.bmp', 1),
(373, 247, 12, '20170424\\14-45-33_PT0097\\Images\\Top_Alignment/Top_Alignment-10.bmp', 1),
(374, 247, 15, '20170424\\14-45-33_PT0097\\Images\\Front/Front-10.bmp', 1),
(375, 248, 14, '20170424\\14-45-33_PT0097\\Images\\Camera02/Camera02-01.bmp', 1),
(376, 248, 12, '20170424\\14-45-33_PT0097\\Images\\Camera03/Camera03-01.bmp', 1),
(377, 248, 15, '20170424\\14-45-33_PT0097\\Images\\Camera08/Camera08-01.bmp', 1),
(378, 249, 14, '20170424\\14-45-33_PT0097\\Images\\Camera02/Camera02-02.bmp', 1),
(379, 249, 12, '20170424\\14-45-33_PT0097\\Images\\Camera03/Camera03-02.bmp', 1),
(380, 249, 15, '20170424\\14-45-33_PT0097\\Images\\Camera08/Camera08-02.bmp', 1),
(381, 250, 14, '20170424\\14-45-33_PT0097\\Images\\Camera02/Camera02-03.bmp', 1),
(382, 250, 12, '20170424\\14-45-33_PT0097\\Images\\Camera03/Camera03-03.bmp', 1),
(383, 250, 15, '20170424\\14-45-33_PT0097\\Images\\Camera08/Camera08-03.bmp', 1),
(384, 251, 14, '20170424\\14-45-33_PT0097\\Images\\Camera02/Camera02-04.bmp', 1),
(385, 251, 12, '20170424\\14-45-33_PT0097\\Images\\Camera03/Camera03-04.bmp', 1),
(386, 251, 15, '20170424\\14-45-33_PT0097\\Images\\Camera08/Camera08-04.bmp', 1),
(387, 252, 14, '20170424\\14-45-33_PT0097\\Images\\Camera02/Camera02-05.bmp', 1),
(388, 252, 12, '20170424\\14-45-33_PT0097\\Images\\Camera03/Camera03-05.bmp', 1),
(389, 252, 15, '20170424\\14-45-33_PT0097\\Images\\Camera08/Camera08-05.bmp', 1),
(390, 253, 14, '20170424\\14-45-33_PT0097\\Images\\Camera02/Camera02-06.bmp', 1),
(391, 253, 12, '20170424\\14-45-33_PT0097\\Images\\Camera03/Camera03-06.bmp', 1),
(392, 253, 15, '20170424\\14-45-33_PT0097\\Images\\Camera08/Camera08-06.bmp', 1),
(393, 254, 14, '20170424\\14-45-33_PT0097\\Images\\Camera02/Camera02-07.bmp', 1),
(394, 254, 12, '20170424\\14-45-33_PT0097\\Images\\Camera03/Camera03-07.bmp', 1),
(395, 254, 15, '20170424\\14-45-33_PT0097\\Images\\Camera08/Camera08-07.bmp', 1),
(396, 255, 14, '20170424\\14-45-33_PT0097\\Images\\Camera02/Camera02-08.bmp', 1),
(397, 255, 12, '20170424\\14-45-33_PT0097\\Images\\Camera03/Camera03-08.bmp', 1),
(398, 255, 15, '20170424\\14-45-33_PT0097\\Images\\Camera08/Camera08-08.bmp', 1),
(399, 256, 14, '20170424\\14-45-33_PT0097\\Images\\Camera02/Camera02-09.bmp', 1),
(400, 256, 12, '20170424\\14-45-33_PT0097\\Images\\Camera03/Camera03-09.bmp', 1),
(401, 256, 15, '20170424\\14-45-33_PT0097\\Images\\Camera08/Camera08-09.bmp', 1),
(402, 257, 14, '20170424\\14-45-33_PT0097\\Images\\Camera02/Camera02-10.bmp', 1),
(403, 257, 12, '20170424\\14-45-33_PT0097\\Images\\Camera03/Camera03-10.bmp', 1),
(404, 257, 15, '20170424\\14-45-33_PT0097\\Images\\Camera08/Camera08-10.bmp', 1),
(405, 258, 25, '20170519\\11-25-09_PT0099\\Images\\TopABS/TopABS-01.bmp', 1),
(406, 258, 15, '20170519\\11-25-09_PT0099\\Images\\Front/Front-01.bmp', 1),
(407, 259, 25, '20170519\\11-25-09_PT0099\\Images\\TopABS/TopABS-02.bmp', 1),
(408, 259, 15, '20170519\\11-25-09_PT0099\\Images\\Front/Front-02.bmp', 1),
(409, 260, 25, '20170519\\11-25-09_PT0099\\Images\\TopABS/TopABS-03.bmp', 1),
(410, 260, 15, '20170519\\11-25-09_PT0099\\Images\\Front/Front-03.bmp', 1),
(411, 261, 25, '20170519\\11-25-09_PT0099\\Images\\TopABS/TopABS-04.bmp', 1),
(412, 261, 15, '20170519\\11-25-09_PT0099\\Images\\Front/Front-04.bmp', 1),
(413, 262, 25, '20170519\\11-25-09_PT0099\\Images\\TopABS/TopABS-05.bmp', 1),
(414, 262, 15, '20170519\\11-25-09_PT0099\\Images\\Front/Front-05.bmp', 1),
(415, 263, 25, '20170519\\11-25-09_PT0099\\Images\\TopABS/TopABS-06.bmp', 1),
(416, 263, 15, '20170519\\11-25-09_PT0099\\Images\\Front/Front-06.bmp', 1),
(417, 264, 25, '20170519\\11-25-09_PT0099\\Images\\TopABS/TopABS-07.bmp', 1),
(418, 264, 15, '20170519\\11-25-09_PT0099\\Images\\Front/Front-07.bmp', 1),
(419, 265, 25, '20170519\\11-25-09_PT0099\\Images\\TopABS/TopABS-08.bmp', 1),
(420, 265, 15, '20170519\\11-25-09_PT0099\\Images\\Front/Front-08.bmp', 1),
(421, 266, 25, '20170519\\11-25-09_PT0099\\Images\\TopABS/TopABS-09.bmp', 1),
(422, 266, 15, '20170519\\11-25-09_PT0099\\Images\\Front/Front-09.bmp', 1),
(423, 267, 25, '20170519\\11-25-09_PT0099\\Images\\TopABS/TopABS-10.bmp', 1),
(424, 267, 15, '20170519\\11-25-09_PT0099\\Images\\Front/Front-10.bmp', 1),
(425, 268, 25, '20170519\\11-24-50_PT0075\\Images\\TopABS/TopABS-01.bmp', 1),
(426, 268, 15, '20170519\\11-24-50_PT0075\\Images\\Front/Front-01.bmp', 1),
(427, 269, 25, '20170519\\11-24-50_PT0075\\Images\\TopABS/TopABS-02.bmp', 1),
(428, 269, 15, '20170519\\11-24-50_PT0075\\Images\\Front/Front-02.bmp', 1),
(429, 270, 25, '20170519\\11-24-50_PT0075\\Images\\TopABS/TopABS-03.bmp', 1),
(430, 270, 15, '20170519\\11-24-50_PT0075\\Images\\Front/Front-03.bmp', 1),
(431, 271, 25, '20170519\\11-24-50_PT0075\\Images\\TopABS/TopABS-04.bmp', 1),
(432, 271, 15, '20170519\\11-24-50_PT0075\\Images\\Front/Front-04.bmp', 1),
(433, 272, 25, '20170519\\11-24-50_PT0075\\Images\\TopABS/TopABS-05.bmp', 1),
(434, 272, 15, '20170519\\11-24-50_PT0075\\Images\\Front/Front-05.bmp', 1),
(435, 273, 25, '20170519\\11-24-50_PT0075\\Images\\TopABS/TopABS-06.bmp', 1),
(436, 273, 15, '20170519\\11-24-50_PT0075\\Images\\Front/Front-06.bmp', 1),
(437, 274, 25, '20170519\\11-24-50_PT0075\\Images\\TopABS/TopABS-07.bmp', 1),
(438, 274, 15, '20170519\\11-24-50_PT0075\\Images\\Front/Front-07.bmp', 1),
(439, 275, 25, '20170519\\11-24-50_PT0075\\Images\\TopABS/TopABS-08.bmp', 1),
(440, 275, 15, '20170519\\11-24-50_PT0075\\Images\\Front/Front-08.bmp', 1),
(441, 276, 25, '20170519\\11-24-50_PT0075\\Images\\TopABS/TopABS-09.bmp', 1),
(442, 276, 15, '20170519\\11-24-50_PT0075\\Images\\Front/Front-09.bmp', 1),
(443, 277, 25, '20170519\\11-24-50_PT0075\\Images\\TopABS/TopABS-10.bmp', 1),
(444, 277, 15, '20170519\\11-24-50_PT0075\\Images\\Front/Front-10.bmp', 1),
(445, 278, 14, '20170508\\16-10-04_PT0004\\Images\\Top_ABS/Top_ABS-01.bmp', 1),
(446, 278, 12, '20170508\\16-10-04_PT0004\\Images\\Top_Alignment/Top_Alignment-01.bmp', 1),
(447, 278, 22, '20170508\\16-10-04_PT0004\\Images\\Bottom/Bottom-01.bmp', 1),
(448, 278, 15, '20170508\\16-10-04_PT0004\\Images\\Front/Front-01.bmp', 1),
(449, 278, 24, '20170508\\16-10-04_PT0004\\Images\\FortyFive/FortyFive-01.bmp', 1),
(450, 279, 14, '20170508\\16-10-04_PT0004\\Images\\Top_ABS/Top_ABS-02.bmp', 1),
(451, 279, 12, '20170508\\16-10-04_PT0004\\Images\\Top_Alignment/Top_Alignment-02.bmp', 1),
(452, 279, 22, '20170508\\16-10-04_PT0004\\Images\\Bottom/Bottom-02.bmp', 1),
(453, 279, 15, '20170508\\16-10-04_PT0004\\Images\\Front/Front-02.bmp', 1),
(454, 279, 24, '20170508\\16-10-04_PT0004\\Images\\FortyFive/FortyFive-02.bmp', 1),
(455, 280, 14, '20170508\\16-10-04_PT0004\\Images\\Top_ABS/Top_ABS-03.bmp', 1),
(456, 280, 12, '20170508\\16-10-04_PT0004\\Images\\Top_Alignment/Top_Alignment-03.bmp', 1),
(457, 280, 22, '20170508\\16-10-04_PT0004\\Images\\Bottom/Bottom-03.bmp', 1),
(458, 280, 15, '20170508\\16-10-04_PT0004\\Images\\Front/Front-03.bmp', 1),
(459, 280, 24, '20170508\\16-10-04_PT0004\\Images\\FortyFive/FortyFive-03.bmp', 1),
(460, 281, 14, '20170508\\16-10-04_PT0004\\Images\\Top_ABS/Top_ABS-04.bmp', 1),
(461, 281, 12, '20170508\\16-10-04_PT0004\\Images\\Top_Alignment/Top_Alignment-04.bmp', 1),
(462, 281, 22, '20170508\\16-10-04_PT0004\\Images\\Bottom/Bottom-04.bmp', 1),
(463, 281, 15, '20170508\\16-10-04_PT0004\\Images\\Front/Front-04.bmp', 1),
(464, 281, 24, '20170508\\16-10-04_PT0004\\Images\\FortyFive/FortyFive-04.bmp', 1),
(465, 282, 14, '20170508\\16-10-04_PT0004\\Images\\Top_ABS/Top_ABS-05.bmp', 1),
(466, 282, 12, '20170508\\16-10-04_PT0004\\Images\\Top_Alignment/Top_Alignment-05.bmp', 1),
(467, 282, 22, '20170508\\16-10-04_PT0004\\Images\\Bottom/Bottom-05.bmp', 1),
(468, 282, 15, '20170508\\16-10-04_PT0004\\Images\\Front/Front-05.bmp', 1),
(469, 282, 24, '20170508\\16-10-04_PT0004\\Images\\FortyFive/FortyFive-05.bmp', 1),
(470, 283, 14, '20170508\\16-10-04_PT0004\\Images\\Top_ABS/Top_ABS-06.bmp', 1),
(471, 283, 12, '20170508\\16-10-04_PT0004\\Images\\Top_Alignment/Top_Alignment-06.bmp', 1),
(472, 283, 22, '20170508\\16-10-04_PT0004\\Images\\Bottom/Bottom-06.bmp', 1),
(473, 283, 15, '20170508\\16-10-04_PT0004\\Images\\Front/Front-06.bmp', 1),
(474, 283, 24, '20170508\\16-10-04_PT0004\\Images\\FortyFive/FortyFive-06.bmp', 1),
(475, 284, 14, '20170508\\16-10-04_PT0004\\Images\\Top_ABS/Top_ABS-07.bmp', 1),
(476, 284, 12, '20170508\\16-10-04_PT0004\\Images\\Top_Alignment/Top_Alignment-07.bmp', 1),
(477, 284, 22, '20170508\\16-10-04_PT0004\\Images\\Bottom/Bottom-07.bmp', 1),
(478, 284, 15, '20170508\\16-10-04_PT0004\\Images\\Front/Front-07.bmp', 1),
(479, 284, 24, '20170508\\16-10-04_PT0004\\Images\\FortyFive/FortyFive-07.bmp', 1),
(480, 285, 14, '20170508\\16-10-04_PT0004\\Images\\Top_ABS/Top_ABS-08.bmp', 1),
(481, 285, 12, '20170508\\16-10-04_PT0004\\Images\\Top_Alignment/Top_Alignment-08.bmp', 1),
(482, 285, 22, '20170508\\16-10-04_PT0004\\Images\\Bottom/Bottom-08.bmp', 1),
(483, 285, 15, '20170508\\16-10-04_PT0004\\Images\\Front/Front-08.bmp', 1),
(484, 285, 24, '20170508\\16-10-04_PT0004\\Images\\FortyFive/FortyFive-08.bmp', 1),
(485, 286, 14, '20170508\\16-10-04_PT0004\\Images\\Top_ABS/Top_ABS-09.bmp', 1),
(486, 286, 12, '20170508\\16-10-04_PT0004\\Images\\Top_Alignment/Top_Alignment-09.bmp', 1),
(487, 286, 22, '20170508\\16-10-04_PT0004\\Images\\Bottom/Bottom-09.bmp', 1),
(488, 286, 15, '20170508\\16-10-04_PT0004\\Images\\Front/Front-09.bmp', 1),
(489, 286, 24, '20170508\\16-10-04_PT0004\\Images\\FortyFive/FortyFive-09.bmp', 1),
(490, 287, 14, '20170508\\16-10-04_PT0004\\Images\\Top_ABS/Top_ABS-10.bmp', 1),
(491, 287, 12, '20170508\\16-10-04_PT0004\\Images\\Top_Alignment/Top_Alignment-10.bmp', 1),
(492, 287, 22, '20170508\\16-10-04_PT0004\\Images\\Bottom/Bottom-10.bmp', 1),
(493, 287, 15, '20170508\\16-10-04_PT0004\\Images\\Front/Front-10.bmp', 1),
(494, 287, 24, '20170508\\16-10-04_PT0004\\Images\\FortyFive/FortyFive-10.bmp', 1),
(495, 288, 14, '20170508\\16-09-14_PT0051\\Images\\Top_ABS/Top_ABS-01.bmp', 1),
(496, 288, 12, '20170508\\16-09-14_PT0051\\Images\\Top_Alignment/Top_Alignment-01.bmp', 1),
(497, 288, 22, '20170508\\16-09-14_PT0051\\Images\\Bottom/Bottom-01.bmp', 1),
(498, 288, 15, '20170508\\16-09-14_PT0051\\Images\\Front/Front-01.bmp', 1),
(499, 288, 24, '20170508\\16-09-14_PT0051\\Images\\FortyFive/FortyFive-01.bmp', 1),
(500, 289, 14, '20170508\\16-09-14_PT0051\\Images\\Top_ABS/Top_ABS-02.bmp', 1),
(501, 289, 12, '20170508\\16-09-14_PT0051\\Images\\Top_Alignment/Top_Alignment-02.bmp', 1),
(502, 289, 22, '20170508\\16-09-14_PT0051\\Images\\Bottom/Bottom-02.bmp', 1),
(503, 289, 15, '20170508\\16-09-14_PT0051\\Images\\Front/Front-02.bmp', 1),
(504, 289, 24, '20170508\\16-09-14_PT0051\\Images\\FortyFive/FortyFive-02.bmp', 1),
(505, 290, 14, '20170508\\16-09-14_PT0051\\Images\\Top_ABS/Top_ABS-03.bmp', 1),
(506, 290, 12, '20170508\\16-09-14_PT0051\\Images\\Top_Alignment/Top_Alignment-03.bmp', 1),
(507, 290, 22, '20170508\\16-09-14_PT0051\\Images\\Bottom/Bottom-03.bmp', 1),
(508, 290, 15, '20170508\\16-09-14_PT0051\\Images\\Front/Front-03.bmp', 1),
(509, 290, 24, '20170508\\16-09-14_PT0051\\Images\\FortyFive/FortyFive-03.bmp', 1),
(510, 291, 14, '20170508\\16-09-14_PT0051\\Images\\Top_ABS/Top_ABS-04.bmp', 1),
(511, 291, 12, '20170508\\16-09-14_PT0051\\Images\\Top_Alignment/Top_Alignment-04.bmp', 1),
(512, 291, 22, '20170508\\16-09-14_PT0051\\Images\\Bottom/Bottom-04.bmp', 1),
(513, 291, 15, '20170508\\16-09-14_PT0051\\Images\\Front/Front-04.bmp', 1),
(514, 291, 24, '20170508\\16-09-14_PT0051\\Images\\FortyFive/FortyFive-04.bmp', 1),
(515, 292, 14, '20170508\\16-09-14_PT0051\\Images\\Top_ABS/Top_ABS-05.bmp', 1),
(516, 292, 12, '20170508\\16-09-14_PT0051\\Images\\Top_Alignment/Top_Alignment-05.bmp', 1),
(517, 292, 22, '20170508\\16-09-14_PT0051\\Images\\Bottom/Bottom-05.bmp', 1),
(518, 292, 15, '20170508\\16-09-14_PT0051\\Images\\Front/Front-05.bmp', 1),
(519, 292, 24, '20170508\\16-09-14_PT0051\\Images\\FortyFive/FortyFive-05.bmp', 1),
(520, 293, 14, '20170508\\16-09-14_PT0051\\Images\\Top_ABS/Top_ABS-06.bmp', 1),
(521, 293, 12, '20170508\\16-09-14_PT0051\\Images\\Top_Alignment/Top_Alignment-06.bmp', 1),
(522, 293, 22, '20170508\\16-09-14_PT0051\\Images\\Bottom/Bottom-06.bmp', 1),
(523, 293, 15, '20170508\\16-09-14_PT0051\\Images\\Front/Front-06.bmp', 1),
(524, 293, 24, '20170508\\16-09-14_PT0051\\Images\\FortyFive/FortyFive-06.bmp', 1),
(525, 294, 14, '20170508\\16-09-14_PT0051\\Images\\Top_ABS/Top_ABS-07.bmp', 1),
(526, 294, 12, '20170508\\16-09-14_PT0051\\Images\\Top_Alignment/Top_Alignment-07.bmp', 1),
(527, 294, 22, '20170508\\16-09-14_PT0051\\Images\\Bottom/Bottom-07.bmp', 1),
(528, 294, 15, '20170508\\16-09-14_PT0051\\Images\\Front/Front-07.bmp', 1),
(529, 294, 24, '20170508\\16-09-14_PT0051\\Images\\FortyFive/FortyFive-07.bmp', 1),
(530, 295, 14, '20170508\\16-09-14_PT0051\\Images\\Top_ABS/Top_ABS-08.bmp', 1),
(531, 295, 12, '20170508\\16-09-14_PT0051\\Images\\Top_Alignment/Top_Alignment-08.bmp', 1),
(532, 295, 22, '20170508\\16-09-14_PT0051\\Images\\Bottom/Bottom-08.bmp', 1),
(533, 295, 15, '20170508\\16-09-14_PT0051\\Images\\Front/Front-08.bmp', 1),
(534, 295, 24, '20170508\\16-09-14_PT0051\\Images\\FortyFive/FortyFive-08.bmp', 1),
(535, 296, 14, '20170508\\16-09-14_PT0051\\Images\\Top_ABS/Top_ABS-09.bmp', 1),
(536, 296, 12, '20170508\\16-09-14_PT0051\\Images\\Top_Alignment/Top_Alignment-09.bmp', 1),
(537, 296, 22, '20170508\\16-09-14_PT0051\\Images\\Bottom/Bottom-09.bmp', 1),
(538, 296, 15, '20170508\\16-09-14_PT0051\\Images\\Front/Front-09.bmp', 1),
(539, 296, 24, '20170508\\16-09-14_PT0051\\Images\\FortyFive/FortyFive-09.bmp', 1),
(540, 297, 14, '20170508\\16-09-14_PT0051\\Images\\Top_ABS/Top_ABS-10.bmp', 1),
(541, 297, 12, '20170508\\16-09-14_PT0051\\Images\\Top_Alignment/Top_Alignment-10.bmp', 1),
(542, 297, 22, '20170508\\16-09-14_PT0051\\Images\\Bottom/Bottom-10.bmp', 1),
(543, 297, 15, '20170508\\16-09-14_PT0051\\Images\\Front/Front-10.bmp', 1),
(544, 297, 24, '20170508\\16-09-14_PT0051\\Images\\FortyFive/FortyFive-10.bmp', 1),
(545, 298, 27, '20170522\\15-10-09_PT0070\\Images\\TopPZT/TopPZT-01.bmp', 1),
(546, 298, 25, '20170522\\15-10-09_PT0070\\Images\\TopABS/TopABS-01.bmp', 1),
(547, 298, 26, '20170522\\15-10-09_PT0070\\Images\\TopAlignment/TopAlignment-01.bmp', 1),
(548, 298, 22, '20170522\\15-10-09_PT0070\\Images\\Bottom/Bottom-01.bmp', 1),
(549, 298, 15, '20170522\\15-10-09_PT0070\\Images\\Front/Front-01.bmp', 1),
(550, 298, 24, '20170522\\15-10-09_PT0070\\Images\\FortyFive/FortyFive-01.bmp', 1),
(551, 299, 27, '20170522\\15-10-09_PT0070\\Images\\TopPZT/TopPZT-02.bmp', 1),
(552, 299, 25, '20170522\\15-10-09_PT0070\\Images\\TopABS/TopABS-02.bmp', 1),
(553, 299, 26, '20170522\\15-10-09_PT0070\\Images\\TopAlignment/TopAlignment-02.bmp', 1),
(554, 299, 22, '20170522\\15-10-09_PT0070\\Images\\Bottom/Bottom-02.bmp', 1),
(555, 299, 15, '20170522\\15-10-09_PT0070\\Images\\Front/Front-02.bmp', 1),
(556, 299, 24, '20170522\\15-10-09_PT0070\\Images\\FortyFive/FortyFive-02.bmp', 1),
(557, 300, 27, '20170522\\15-10-09_PT0070\\Images\\TopPZT/TopPZT-03.bmp', 1),
(558, 300, 25, '20170522\\15-10-09_PT0070\\Images\\TopABS/TopABS-03.bmp', 1),
(559, 300, 26, '20170522\\15-10-09_PT0070\\Images\\TopAlignment/TopAlignment-03.bmp', 1),
(560, 300, 22, '20170522\\15-10-09_PT0070\\Images\\Bottom/Bottom-03.bmp', 1),
(561, 300, 15, '20170522\\15-10-09_PT0070\\Images\\Front/Front-03.bmp', 1),
(562, 300, 24, '20170522\\15-10-09_PT0070\\Images\\FortyFive/FortyFive-03.bmp', 1),
(563, 301, 27, '20170522\\15-10-09_PT0070\\Images\\TopPZT/TopPZT-04.bmp', 1),
(564, 301, 25, '20170522\\15-10-09_PT0070\\Images\\TopABS/TopABS-04.bmp', 1),
(565, 301, 26, '20170522\\15-10-09_PT0070\\Images\\TopAlignment/TopAlignment-04.bmp', 1),
(566, 301, 22, '20170522\\15-10-09_PT0070\\Images\\Bottom/Bottom-04.bmp', 1),
(567, 301, 15, '20170522\\15-10-09_PT0070\\Images\\Front/Front-04.bmp', 1),
(568, 301, 24, '20170522\\15-10-09_PT0070\\Images\\FortyFive/FortyFive-04.bmp', 1),
(569, 302, 27, '20170522\\15-10-09_PT0070\\Images\\TopPZT/TopPZT-05.bmp', 1),
(570, 302, 25, '20170522\\15-10-09_PT0070\\Images\\TopABS/TopABS-05.bmp', 1),
(571, 302, 26, '20170522\\15-10-09_PT0070\\Images\\TopAlignment/TopAlignment-05.bmp', 1),
(572, 302, 22, '20170522\\15-10-09_PT0070\\Images\\Bottom/Bottom-05.bmp', 1),
(573, 302, 15, '20170522\\15-10-09_PT0070\\Images\\Front/Front-05.bmp', 1),
(574, 302, 24, '20170522\\15-10-09_PT0070\\Images\\FortyFive/FortyFive-05.bmp', 1),
(575, 303, 27, '20170522\\15-10-09_PT0070\\Images\\TopPZT/TopPZT-06.bmp', 1),
(576, 303, 25, '20170522\\15-10-09_PT0070\\Images\\TopABS/TopABS-06.bmp', 1),
(577, 303, 26, '20170522\\15-10-09_PT0070\\Images\\TopAlignment/TopAlignment-06.bmp', 1),
(578, 303, 22, '20170522\\15-10-09_PT0070\\Images\\Bottom/Bottom-06.bmp', 1),
(579, 303, 15, '20170522\\15-10-09_PT0070\\Images\\Front/Front-06.bmp', 1),
(580, 303, 24, '20170522\\15-10-09_PT0070\\Images\\FortyFive/FortyFive-06.bmp', 1),
(581, 304, 27, '20170522\\15-10-09_PT0070\\Images\\TopPZT/TopPZT-07.bmp', 1),
(582, 304, 25, '20170522\\15-10-09_PT0070\\Images\\TopABS/TopABS-07.bmp', 1),
(583, 304, 26, '20170522\\15-10-09_PT0070\\Images\\TopAlignment/TopAlignment-07.bmp', 1),
(584, 304, 22, '20170522\\15-10-09_PT0070\\Images\\Bottom/Bottom-07.bmp', 1),
(585, 304, 15, '20170522\\15-10-09_PT0070\\Images\\Front/Front-07.bmp', 1),
(586, 304, 24, '20170522\\15-10-09_PT0070\\Images\\FortyFive/FortyFive-07.bmp', 1),
(587, 305, 27, '20170522\\15-10-09_PT0070\\Images\\TopPZT/TopPZT-08.bmp', 1),
(588, 305, 25, '20170522\\15-10-09_PT0070\\Images\\TopABS/TopABS-08.bmp', 1),
(589, 305, 26, '20170522\\15-10-09_PT0070\\Images\\TopAlignment/TopAlignment-08.bmp', 1),
(590, 305, 22, '20170522\\15-10-09_PT0070\\Images\\Bottom/Bottom-08.bmp', 1),
(591, 305, 15, '20170522\\15-10-09_PT0070\\Images\\Front/Front-08.bmp', 1),
(592, 305, 24, '20170522\\15-10-09_PT0070\\Images\\FortyFive/FortyFive-08.bmp', 1),
(593, 306, 27, '20170522\\15-10-09_PT0070\\Images\\TopPZT/TopPZT-09.bmp', 1),
(594, 306, 25, '20170522\\15-10-09_PT0070\\Images\\TopABS/TopABS-09.bmp', 1),
(595, 306, 26, '20170522\\15-10-09_PT0070\\Images\\TopAlignment/TopAlignment-09.bmp', 1),
(596, 306, 22, '20170522\\15-10-09_PT0070\\Images\\Bottom/Bottom-09.bmp', 1),
(597, 306, 15, '20170522\\15-10-09_PT0070\\Images\\Front/Front-09.bmp', 1),
(598, 306, 24, '20170522\\15-10-09_PT0070\\Images\\FortyFive/FortyFive-09.bmp', 1),
(599, 307, 27, '20170522\\15-10-09_PT0070\\Images\\TopPZT/TopPZT-10.bmp', 1),
(600, 307, 25, '20170522\\15-10-09_PT0070\\Images\\TopABS/TopABS-10.bmp', 1),
(601, 307, 26, '20170522\\15-10-09_PT0070\\Images\\TopAlignment/TopAlignment-10.bmp', 1),
(602, 307, 22, '20170522\\15-10-09_PT0070\\Images\\Bottom/Bottom-10.bmp', 1),
(603, 307, 15, '20170522\\15-10-09_PT0070\\Images\\Front/Front-10.bmp', 1),
(604, 307, 24, '20170522\\15-10-09_PT0070\\Images\\FortyFive/FortyFive-10.bmp', 1),
(605, 308, 27, '20170522\\15-10-28_PT0083\\Images\\TopPZT/TopPZT-01.bmp', 1),
(606, 308, 25, '20170522\\15-10-28_PT0083\\Images\\TopABS/TopABS-01.bmp', 1),
(607, 308, 26, '20170522\\15-10-28_PT0083\\Images\\TopAlignment/TopAlignment-01.bmp', 1),
(608, 308, 22, '20170522\\15-10-28_PT0083\\Images\\Bottom/Bottom-01.bmp', 1),
(609, 308, 15, '20170522\\15-10-28_PT0083\\Images\\Front/Front-01.bmp', 1),
(610, 308, 24, '20170522\\15-10-28_PT0083\\Images\\FortyFive/FortyFive-01.bmp', 1),
(611, 309, 27, '20170522\\15-10-28_PT0083\\Images\\TopPZT/TopPZT-02.bmp', 1),
(612, 309, 25, '20170522\\15-10-28_PT0083\\Images\\TopABS/TopABS-02.bmp', 1),
(613, 309, 26, '20170522\\15-10-28_PT0083\\Images\\TopAlignment/TopAlignment-02.bmp', 1),
(614, 309, 22, '20170522\\15-10-28_PT0083\\Images\\Bottom/Bottom-02.bmp', 1),
(615, 309, 15, '20170522\\15-10-28_PT0083\\Images\\Front/Front-02.bmp', 1),
(616, 309, 24, '20170522\\15-10-28_PT0083\\Images\\FortyFive/FortyFive-02.bmp', 1),
(617, 310, 27, '20170522\\15-10-28_PT0083\\Images\\TopPZT/TopPZT-03.bmp', 1),
(618, 310, 25, '20170522\\15-10-28_PT0083\\Images\\TopABS/TopABS-03.bmp', 1),
(619, 310, 26, '20170522\\15-10-28_PT0083\\Images\\TopAlignment/TopAlignment-03.bmp', 1),
(620, 310, 22, '20170522\\15-10-28_PT0083\\Images\\Bottom/Bottom-03.bmp', 1),
(621, 310, 15, '20170522\\15-10-28_PT0083\\Images\\Front/Front-03.bmp', 1),
(622, 310, 24, '20170522\\15-10-28_PT0083\\Images\\FortyFive/FortyFive-03.bmp', 1),
(623, 311, 27, '20170522\\15-10-28_PT0083\\Images\\TopPZT/TopPZT-04.bmp', 1),
(624, 311, 25, '20170522\\15-10-28_PT0083\\Images\\TopABS/TopABS-04.bmp', 1),
(625, 311, 26, '20170522\\15-10-28_PT0083\\Images\\TopAlignment/TopAlignment-04.bmp', 1),
(626, 311, 22, '20170522\\15-10-28_PT0083\\Images\\Bottom/Bottom-04.bmp', 1),
(627, 311, 15, '20170522\\15-10-28_PT0083\\Images\\Front/Front-04.bmp', 1),
(628, 311, 24, '20170522\\15-10-28_PT0083\\Images\\FortyFive/FortyFive-04.bmp', 1),
(629, 312, 27, '20170522\\15-10-28_PT0083\\Images\\TopPZT/TopPZT-05.bmp', 1),
(630, 312, 25, '20170522\\15-10-28_PT0083\\Images\\TopABS/TopABS-05.bmp', 1),
(631, 312, 26, '20170522\\15-10-28_PT0083\\Images\\TopAlignment/TopAlignment-05.bmp', 1),
(632, 312, 22, '20170522\\15-10-28_PT0083\\Images\\Bottom/Bottom-05.bmp', 1),
(633, 312, 15, '20170522\\15-10-28_PT0083\\Images\\Front/Front-05.bmp', 1),
(634, 312, 24, '20170522\\15-10-28_PT0083\\Images\\FortyFive/FortyFive-05.bmp', 1),
(635, 313, 27, '20170522\\15-10-28_PT0083\\Images\\TopPZT/TopPZT-06.bmp', 1),
(636, 313, 25, '20170522\\15-10-28_PT0083\\Images\\TopABS/TopABS-06.bmp', 1),
(637, 313, 26, '20170522\\15-10-28_PT0083\\Images\\TopAlignment/TopAlignment-06.bmp', 1),
(638, 313, 22, '20170522\\15-10-28_PT0083\\Images\\Bottom/Bottom-06.bmp', 1),
(639, 313, 15, '20170522\\15-10-28_PT0083\\Images\\Front/Front-06.bmp', 1),
(640, 313, 24, '20170522\\15-10-28_PT0083\\Images\\FortyFive/FortyFive-06.bmp', 1),
(641, 314, 27, '20170522\\15-10-28_PT0083\\Images\\TopPZT/TopPZT-07.bmp', 1),
(642, 314, 25, '20170522\\15-10-28_PT0083\\Images\\TopABS/TopABS-07.bmp', 1),
(643, 314, 26, '20170522\\15-10-28_PT0083\\Images\\TopAlignment/TopAlignment-07.bmp', 1),
(644, 314, 22, '20170522\\15-10-28_PT0083\\Images\\Bottom/Bottom-07.bmp', 1),
(645, 314, 15, '20170522\\15-10-28_PT0083\\Images\\Front/Front-07.bmp', 1),
(646, 314, 24, '20170522\\15-10-28_PT0083\\Images\\FortyFive/FortyFive-07.bmp', 1),
(647, 315, 27, '20170522\\15-10-28_PT0083\\Images\\TopPZT/TopPZT-08.bmp', 1),
(648, 315, 25, '20170522\\15-10-28_PT0083\\Images\\TopABS/TopABS-08.bmp', 1),
(649, 315, 26, '20170522\\15-10-28_PT0083\\Images\\TopAlignment/TopAlignment-08.bmp', 1),
(650, 315, 22, '20170522\\15-10-28_PT0083\\Images\\Bottom/Bottom-08.bmp', 1),
(651, 315, 15, '20170522\\15-10-28_PT0083\\Images\\Front/Front-08.bmp', 1),
(652, 315, 24, '20170522\\15-10-28_PT0083\\Images\\FortyFive/FortyFive-08.bmp', 1),
(653, 316, 27, '20170522\\15-10-28_PT0083\\Images\\TopPZT/TopPZT-09.bmp', 1),
(654, 316, 25, '20170522\\15-10-28_PT0083\\Images\\TopABS/TopABS-09.bmp', 1),
(655, 316, 26, '20170522\\15-10-28_PT0083\\Images\\TopAlignment/TopAlignment-09.bmp', 1),
(656, 316, 22, '20170522\\15-10-28_PT0083\\Images\\Bottom/Bottom-09.bmp', 1),
(657, 316, 15, '20170522\\15-10-28_PT0083\\Images\\Front/Front-09.bmp', 1),
(658, 316, 24, '20170522\\15-10-28_PT0083\\Images\\FortyFive/FortyFive-09.bmp', 1),
(659, 317, 27, '20170522\\15-10-28_PT0083\\Images\\TopPZT/TopPZT-10.bmp', 1),
(660, 317, 25, '20170522\\15-10-28_PT0083\\Images\\TopABS/TopABS-10.bmp', 1),
(661, 317, 26, '20170522\\15-10-28_PT0083\\Images\\TopAlignment/TopAlignment-10.bmp', 1),
(662, 317, 22, '20170522\\15-10-28_PT0083\\Images\\Bottom/Bottom-10.bmp', 1),
(663, 317, 15, '20170522\\15-10-28_PT0083\\Images\\Front/Front-10.bmp', 1),
(664, 317, 24, '20170522\\15-10-28_PT0083\\Images\\FortyFive/FortyFive-10.bmp', 1),
(665, 318, 27, '20170522\\15-55-22_PT0065\\Images\\TopPZT/TopPZT-01.bmp', 1),
(666, 318, 25, '20170522\\15-55-22_PT0065\\Images\\TopABS/TopABS-01.bmp', 1),
(667, 318, 26, '20170522\\15-55-22_PT0065\\Images\\TopAlignment/TopAlignment-01.bmp', 1),
(668, 318, 22, '20170522\\15-55-22_PT0065\\Images\\Bottom/Bottom-01.bmp', 1),
(669, 318, 15, '20170522\\15-55-22_PT0065\\Images\\Front/Front-01.bmp', 1),
(670, 318, 24, '20170522\\15-55-22_PT0065\\Images\\FortyFive/FortyFive-01.bmp', 1),
(671, 319, 27, '20170522\\15-55-22_PT0065\\Images\\TopPZT/TopPZT-02.bmp', 1),
(672, 319, 25, '20170522\\15-55-22_PT0065\\Images\\TopABS/TopABS-02.bmp', 1),
(673, 319, 26, '20170522\\15-55-22_PT0065\\Images\\TopAlignment/TopAlignment-02.bmp', 1),
(674, 319, 22, '20170522\\15-55-22_PT0065\\Images\\Bottom/Bottom-02.bmp', 1),
(675, 319, 15, '20170522\\15-55-22_PT0065\\Images\\Front/Front-02.bmp', 1),
(676, 319, 24, '20170522\\15-55-22_PT0065\\Images\\FortyFive/FortyFive-02.bmp', 1),
(677, 320, 27, '20170522\\15-55-22_PT0065\\Images\\TopPZT/TopPZT-03.bmp', 1),
(678, 320, 25, '20170522\\15-55-22_PT0065\\Images\\TopABS/TopABS-03.bmp', 1),
(679, 320, 26, '20170522\\15-55-22_PT0065\\Images\\TopAlignment/TopAlignment-03.bmp', 1),
(680, 320, 22, '20170522\\15-55-22_PT0065\\Images\\Bottom/Bottom-03.bmp', 1),
(681, 320, 15, '20170522\\15-55-22_PT0065\\Images\\Front/Front-03.bmp', 1),
(682, 320, 24, '20170522\\15-55-22_PT0065\\Images\\FortyFive/FortyFive-03.bmp', 1),
(683, 321, 27, '20170522\\15-55-22_PT0065\\Images\\TopPZT/TopPZT-04.bmp', 1),
(684, 321, 25, '20170522\\15-55-22_PT0065\\Images\\TopABS/TopABS-04.bmp', 1),
(685, 321, 26, '20170522\\15-55-22_PT0065\\Images\\TopAlignment/TopAlignment-04.bmp', 1),
(686, 321, 22, '20170522\\15-55-22_PT0065\\Images\\Bottom/Bottom-04.bmp', 1),
(687, 321, 15, '20170522\\15-55-22_PT0065\\Images\\Front/Front-04.bmp', 1),
(688, 321, 24, '20170522\\15-55-22_PT0065\\Images\\FortyFive/FortyFive-04.bmp', 1),
(689, 322, 27, '20170522\\15-55-22_PT0065\\Images\\TopPZT/TopPZT-05.bmp', 1),
(690, 322, 25, '20170522\\15-55-22_PT0065\\Images\\TopABS/TopABS-05.bmp', 1),
(691, 322, 26, '20170522\\15-55-22_PT0065\\Images\\TopAlignment/TopAlignment-05.bmp', 1),
(692, 322, 22, '20170522\\15-55-22_PT0065\\Images\\Bottom/Bottom-05.bmp', 1),
(693, 322, 15, '20170522\\15-55-22_PT0065\\Images\\Front/Front-05.bmp', 1),
(694, 322, 24, '20170522\\15-55-22_PT0065\\Images\\FortyFive/FortyFive-05.bmp', 1),
(695, 323, 27, '20170522\\15-55-22_PT0065\\Images\\TopPZT/TopPZT-06.bmp', 1),
(696, 323, 25, '20170522\\15-55-22_PT0065\\Images\\TopABS/TopABS-06.bmp', 1),
(697, 323, 26, '20170522\\15-55-22_PT0065\\Images\\TopAlignment/TopAlignment-06.bmp', 1),
(698, 323, 22, '20170522\\15-55-22_PT0065\\Images\\Bottom/Bottom-06.bmp', 1),
(699, 323, 15, '20170522\\15-55-22_PT0065\\Images\\Front/Front-06.bmp', 1),
(700, 323, 24, '20170522\\15-55-22_PT0065\\Images\\FortyFive/FortyFive-06.bmp', 1),
(701, 324, 27, '20170522\\15-55-22_PT0065\\Images\\TopPZT/TopPZT-07.bmp', 1),
(702, 324, 25, '20170522\\15-55-22_PT0065\\Images\\TopABS/TopABS-07.bmp', 1),
(703, 324, 26, '20170522\\15-55-22_PT0065\\Images\\TopAlignment/TopAlignment-07.bmp', 1),
(704, 324, 22, '20170522\\15-55-22_PT0065\\Images\\Bottom/Bottom-07.bmp', 1),
(705, 324, 15, '20170522\\15-55-22_PT0065\\Images\\Front/Front-07.bmp', 1),
(706, 324, 24, '20170522\\15-55-22_PT0065\\Images\\FortyFive/FortyFive-07.bmp', 1),
(707, 325, 27, '20170522\\15-55-22_PT0065\\Images\\TopPZT/TopPZT-08.bmp', 1),
(708, 325, 25, '20170522\\15-55-22_PT0065\\Images\\TopABS/TopABS-08.bmp', 1),
(709, 325, 26, '20170522\\15-55-22_PT0065\\Images\\TopAlignment/TopAlignment-08.bmp', 1),
(710, 325, 22, '20170522\\15-55-22_PT0065\\Images\\Bottom/Bottom-08.bmp', 1),
(711, 325, 15, '20170522\\15-55-22_PT0065\\Images\\Front/Front-08.bmp', 1),
(712, 325, 24, '20170522\\15-55-22_PT0065\\Images\\FortyFive/FortyFive-08.bmp', 1),
(713, 326, 27, '20170522\\15-55-22_PT0065\\Images\\TopPZT/TopPZT-09.bmp', 1),
(714, 326, 25, '20170522\\15-55-22_PT0065\\Images\\TopABS/TopABS-09.bmp', 1),
(715, 326, 26, '20170522\\15-55-22_PT0065\\Images\\TopAlignment/TopAlignment-09.bmp', 1),
(716, 326, 22, '20170522\\15-55-22_PT0065\\Images\\Bottom/Bottom-09.bmp', 1),
(717, 326, 15, '20170522\\15-55-22_PT0065\\Images\\Front/Front-09.bmp', 1),
(718, 326, 24, '20170522\\15-55-22_PT0065\\Images\\FortyFive/FortyFive-09.bmp', 1),
(719, 327, 27, '20170522\\15-55-22_PT0065\\Images\\TopPZT/TopPZT-10.bmp', 1),
(720, 327, 25, '20170522\\15-55-22_PT0065\\Images\\TopABS/TopABS-10.bmp', 1),
(721, 327, 26, '20170522\\15-55-22_PT0065\\Images\\TopAlignment/TopAlignment-10.bmp', 1),
(722, 327, 22, '20170522\\15-55-22_PT0065\\Images\\Bottom/Bottom-10.bmp', 1),
(723, 327, 15, '20170522\\15-55-22_PT0065\\Images\\Front/Front-10.bmp', 1),
(724, 327, 24, '20170522\\15-55-22_PT0065\\Images\\FortyFive/FortyFive-10.bmp', 1),
(725, 328, 27, '20170522\\15-55-42_PT0068\\Images\\TopPZT/TopPZT-01.bmp', 1),
(726, 328, 25, '20170522\\15-55-42_PT0068\\Images\\TopABS/TopABS-01.bmp', 1),
(727, 328, 26, '20170522\\15-55-42_PT0068\\Images\\TopAlignment/TopAlignment-01.bmp', 1),
(728, 328, 22, '20170522\\15-55-42_PT0068\\Images\\Bottom/Bottom-01.bmp', 1),
(729, 328, 15, '20170522\\15-55-42_PT0068\\Images\\Front/Front-01.bmp', 1),
(730, 328, 24, '20170522\\15-55-42_PT0068\\Images\\FortyFive/FortyFive-01.bmp', 1),
(731, 329, 27, '20170522\\15-55-42_PT0068\\Images\\TopPZT/TopPZT-02.bmp', 1),
(732, 329, 25, '20170522\\15-55-42_PT0068\\Images\\TopABS/TopABS-02.bmp', 1),
(733, 329, 26, '20170522\\15-55-42_PT0068\\Images\\TopAlignment/TopAlignment-02.bmp', 1),
(734, 329, 22, '20170522\\15-55-42_PT0068\\Images\\Bottom/Bottom-02.bmp', 1),
(735, 329, 15, '20170522\\15-55-42_PT0068\\Images\\Front/Front-02.bmp', 1),
(736, 329, 24, '20170522\\15-55-42_PT0068\\Images\\FortyFive/FortyFive-02.bmp', 1),
(737, 330, 27, '20170522\\15-55-42_PT0068\\Images\\TopPZT/TopPZT-03.bmp', 1),
(738, 330, 25, '20170522\\15-55-42_PT0068\\Images\\TopABS/TopABS-03.bmp', 1),
(739, 330, 26, '20170522\\15-55-42_PT0068\\Images\\TopAlignment/TopAlignment-03.bmp', 1),
(740, 330, 22, '20170522\\15-55-42_PT0068\\Images\\Bottom/Bottom-03.bmp', 1),
(741, 330, 15, '20170522\\15-55-42_PT0068\\Images\\Front/Front-03.bmp', 1),
(742, 330, 24, '20170522\\15-55-42_PT0068\\Images\\FortyFive/FortyFive-03.bmp', 1),
(743, 331, 27, '20170522\\15-55-42_PT0068\\Images\\TopPZT/TopPZT-04.bmp', 1),
(744, 331, 25, '20170522\\15-55-42_PT0068\\Images\\TopABS/TopABS-04.bmp', 1),
(745, 331, 26, '20170522\\15-55-42_PT0068\\Images\\TopAlignment/TopAlignment-04.bmp', 1),
(746, 331, 22, '20170522\\15-55-42_PT0068\\Images\\Bottom/Bottom-04.bmp', 1),
(747, 331, 15, '20170522\\15-55-42_PT0068\\Images\\Front/Front-04.bmp', 1),
(748, 331, 24, '20170522\\15-55-42_PT0068\\Images\\FortyFive/FortyFive-04.bmp', 1),
(749, 332, 27, '20170522\\15-55-42_PT0068\\Images\\TopPZT/TopPZT-05.bmp', 1),
(750, 332, 25, '20170522\\15-55-42_PT0068\\Images\\TopABS/TopABS-05.bmp', 1),
(751, 332, 26, '20170522\\15-55-42_PT0068\\Images\\TopAlignment/TopAlignment-05.bmp', 1),
(752, 332, 22, '20170522\\15-55-42_PT0068\\Images\\Bottom/Bottom-05.bmp', 1),
(753, 332, 15, '20170522\\15-55-42_PT0068\\Images\\Front/Front-05.bmp', 1),
(754, 332, 24, '20170522\\15-55-42_PT0068\\Images\\FortyFive/FortyFive-05.bmp', 1),
(755, 333, 27, '20170522\\15-55-42_PT0068\\Images\\TopPZT/TopPZT-06.bmp', 1),
(756, 333, 25, '20170522\\15-55-42_PT0068\\Images\\TopABS/TopABS-06.bmp', 1),
(757, 333, 26, '20170522\\15-55-42_PT0068\\Images\\TopAlignment/TopAlignment-06.bmp', 1),
(758, 333, 22, '20170522\\15-55-42_PT0068\\Images\\Bottom/Bottom-06.bmp', 1),
(759, 333, 15, '20170522\\15-55-42_PT0068\\Images\\Front/Front-06.bmp', 1),
(760, 333, 24, '20170522\\15-55-42_PT0068\\Images\\FortyFive/FortyFive-06.bmp', 1),
(761, 334, 27, '20170522\\15-55-42_PT0068\\Images\\TopPZT/TopPZT-07.bmp', 1),
(762, 334, 25, '20170522\\15-55-42_PT0068\\Images\\TopABS/TopABS-07.bmp', 1),
(763, 334, 26, '20170522\\15-55-42_PT0068\\Images\\TopAlignment/TopAlignment-07.bmp', 1),
(764, 334, 22, '20170522\\15-55-42_PT0068\\Images\\Bottom/Bottom-07.bmp', 1),
(765, 334, 15, '20170522\\15-55-42_PT0068\\Images\\Front/Front-07.bmp', 1),
(766, 334, 24, '20170522\\15-55-42_PT0068\\Images\\FortyFive/FortyFive-07.bmp', 1),
(767, 335, 27, '20170522\\15-55-42_PT0068\\Images\\TopPZT/TopPZT-08.bmp', 1),
(768, 335, 25, '20170522\\15-55-42_PT0068\\Images\\TopABS/TopABS-08.bmp', 1),
(769, 335, 26, '20170522\\15-55-42_PT0068\\Images\\TopAlignment/TopAlignment-08.bmp', 1),
(770, 335, 22, '20170522\\15-55-42_PT0068\\Images\\Bottom/Bottom-08.bmp', 1),
(771, 335, 15, '20170522\\15-55-42_PT0068\\Images\\Front/Front-08.bmp', 1),
(772, 335, 24, '20170522\\15-55-42_PT0068\\Images\\FortyFive/FortyFive-08.bmp', 1),
(773, 336, 27, '20170522\\15-55-42_PT0068\\Images\\TopPZT/TopPZT-09.bmp', 1),
(774, 336, 25, '20170522\\15-55-42_PT0068\\Images\\TopABS/TopABS-09.bmp', 1),
(775, 336, 26, '20170522\\15-55-42_PT0068\\Images\\TopAlignment/TopAlignment-09.bmp', 1),
(776, 336, 22, '20170522\\15-55-42_PT0068\\Images\\Bottom/Bottom-09.bmp', 1),
(777, 336, 15, '20170522\\15-55-42_PT0068\\Images\\Front/Front-09.bmp', 1),
(778, 336, 24, '20170522\\15-55-42_PT0068\\Images\\FortyFive/FortyFive-09.bmp', 1),
(779, 337, 27, '20170522\\15-55-42_PT0068\\Images\\TopPZT/TopPZT-10.bmp', 1),
(780, 337, 25, '20170522\\15-55-42_PT0068\\Images\\TopABS/TopABS-10.bmp', 1),
(781, 337, 26, '20170522\\15-55-42_PT0068\\Images\\TopAlignment/TopAlignment-10.bmp', 1),
(782, 337, 22, '20170522\\15-55-42_PT0068\\Images\\Bottom/Bottom-10.bmp', 1),
(783, 337, 15, '20170522\\15-55-42_PT0068\\Images\\Front/Front-10.bmp', 1),
(784, 337, 24, '20170522\\15-55-42_PT0068\\Images\\FortyFive/FortyFive-10.bmp', 1),
(785, 338, 27, '20170522\\15-56-09_PT0058\\Images\\TopPZT/TopPZT-01.bmp', 1),
(786, 338, 25, '20170522\\15-56-09_PT0058\\Images\\TopABS/TopABS-01.bmp', 1),
(787, 338, 26, '20170522\\15-56-09_PT0058\\Images\\TopAlignment/TopAlignment-01.bmp', 1),
(788, 338, 22, '20170522\\15-56-09_PT0058\\Images\\Bottom/Bottom-01.bmp', 1),
(789, 338, 15, '20170522\\15-56-09_PT0058\\Images\\Front/Front-01.bmp', 1),
(790, 338, 24, '20170522\\15-56-09_PT0058\\Images\\FortyFive/FortyFive-01.bmp', 1),
(791, 339, 27, '20170522\\15-56-09_PT0058\\Images\\TopPZT/TopPZT-02.bmp', 1),
(792, 339, 25, '20170522\\15-56-09_PT0058\\Images\\TopABS/TopABS-02.bmp', 1),
(793, 339, 26, '20170522\\15-56-09_PT0058\\Images\\TopAlignment/TopAlignment-02.bmp', 1),
(794, 339, 22, '20170522\\15-56-09_PT0058\\Images\\Bottom/Bottom-02.bmp', 1),
(795, 339, 15, '20170522\\15-56-09_PT0058\\Images\\Front/Front-02.bmp', 1),
(796, 339, 24, '20170522\\15-56-09_PT0058\\Images\\FortyFive/FortyFive-02.bmp', 1),
(797, 340, 27, '20170522\\15-56-09_PT0058\\Images\\TopPZT/TopPZT-03.bmp', 1),
(798, 340, 25, '20170522\\15-56-09_PT0058\\Images\\TopABS/TopABS-03.bmp', 1),
(799, 340, 26, '20170522\\15-56-09_PT0058\\Images\\TopAlignment/TopAlignment-03.bmp', 1),
(800, 340, 22, '20170522\\15-56-09_PT0058\\Images\\Bottom/Bottom-03.bmp', 1),
(801, 340, 15, '20170522\\15-56-09_PT0058\\Images\\Front/Front-03.bmp', 1),
(802, 340, 24, '20170522\\15-56-09_PT0058\\Images\\FortyFive/FortyFive-03.bmp', 1),
(803, 341, 27, '20170522\\15-56-09_PT0058\\Images\\TopPZT/TopPZT-04.bmp', 1),
(804, 341, 25, '20170522\\15-56-09_PT0058\\Images\\TopABS/TopABS-04.bmp', 1),
(805, 341, 26, '20170522\\15-56-09_PT0058\\Images\\TopAlignment/TopAlignment-04.bmp', 1),
(806, 341, 22, '20170522\\15-56-09_PT0058\\Images\\Bottom/Bottom-04.bmp', 1),
(807, 341, 15, '20170522\\15-56-09_PT0058\\Images\\Front/Front-04.bmp', 1),
(808, 341, 24, '20170522\\15-56-09_PT0058\\Images\\FortyFive/FortyFive-04.bmp', 1),
(809, 342, 27, '20170522\\15-56-09_PT0058\\Images\\TopPZT/TopPZT-05.bmp', 1),
(810, 342, 25, '20170522\\15-56-09_PT0058\\Images\\TopABS/TopABS-05.bmp', 1),
(811, 342, 26, '20170522\\15-56-09_PT0058\\Images\\TopAlignment/TopAlignment-05.bmp', 1),
(812, 342, 22, '20170522\\15-56-09_PT0058\\Images\\Bottom/Bottom-05.bmp', 1),
(813, 342, 15, '20170522\\15-56-09_PT0058\\Images\\Front/Front-05.bmp', 1),
(814, 342, 24, '20170522\\15-56-09_PT0058\\Images\\FortyFive/FortyFive-05.bmp', 1),
(815, 343, 27, '20170522\\15-56-09_PT0058\\Images\\TopPZT/TopPZT-06.bmp', 1),
(816, 343, 25, '20170522\\15-56-09_PT0058\\Images\\TopABS/TopABS-06.bmp', 1),
(817, 343, 26, '20170522\\15-56-09_PT0058\\Images\\TopAlignment/TopAlignment-06.bmp', 1);
INSERT INTO `hgainfo_view` (`id`, `hgainfoId`, `viewId`, `imagePath`, `result`) VALUES
(818, 343, 22, '20170522\\15-56-09_PT0058\\Images\\Bottom/Bottom-06.bmp', 1),
(819, 343, 15, '20170522\\15-56-09_PT0058\\Images\\Front/Front-06.bmp', 1),
(820, 343, 24, '20170522\\15-56-09_PT0058\\Images\\FortyFive/FortyFive-06.bmp', 1),
(821, 344, 27, '20170522\\15-56-09_PT0058\\Images\\TopPZT/TopPZT-07.bmp', 1),
(822, 344, 25, '20170522\\15-56-09_PT0058\\Images\\TopABS/TopABS-07.bmp', 1),
(823, 344, 26, '20170522\\15-56-09_PT0058\\Images\\TopAlignment/TopAlignment-07.bmp', 1),
(824, 344, 22, '20170522\\15-56-09_PT0058\\Images\\Bottom/Bottom-07.bmp', 1),
(825, 344, 15, '20170522\\15-56-09_PT0058\\Images\\Front/Front-07.bmp', 1),
(826, 344, 24, '20170522\\15-56-09_PT0058\\Images\\FortyFive/FortyFive-07.bmp', 1),
(827, 345, 27, '20170522\\15-56-09_PT0058\\Images\\TopPZT/TopPZT-08.bmp', 1),
(828, 345, 25, '20170522\\15-56-09_PT0058\\Images\\TopABS/TopABS-08.bmp', 1),
(829, 345, 26, '20170522\\15-56-09_PT0058\\Images\\TopAlignment/TopAlignment-08.bmp', 1),
(830, 345, 22, '20170522\\15-56-09_PT0058\\Images\\Bottom/Bottom-08.bmp', 1),
(831, 345, 15, '20170522\\15-56-09_PT0058\\Images\\Front/Front-08.bmp', 1),
(832, 345, 24, '20170522\\15-56-09_PT0058\\Images\\FortyFive/FortyFive-08.bmp', 1),
(833, 346, 27, '20170522\\15-56-09_PT0058\\Images\\TopPZT/TopPZT-09.bmp', 1),
(834, 346, 25, '20170522\\15-56-09_PT0058\\Images\\TopABS/TopABS-09.bmp', 1),
(835, 346, 26, '20170522\\15-56-09_PT0058\\Images\\TopAlignment/TopAlignment-09.bmp', 1),
(836, 346, 22, '20170522\\15-56-09_PT0058\\Images\\Bottom/Bottom-09.bmp', 1),
(837, 346, 15, '20170522\\15-56-09_PT0058\\Images\\Front/Front-09.bmp', 1),
(838, 346, 24, '20170522\\15-56-09_PT0058\\Images\\FortyFive/FortyFive-09.bmp', 1),
(839, 347, 27, '20170522\\15-56-09_PT0058\\Images\\TopPZT/TopPZT-10.bmp', 1),
(840, 347, 25, '20170522\\15-56-09_PT0058\\Images\\TopABS/TopABS-10.bmp', 1),
(841, 347, 26, '20170522\\15-56-09_PT0058\\Images\\TopAlignment/TopAlignment-10.bmp', 1),
(842, 347, 22, '20170522\\15-56-09_PT0058\\Images\\Bottom/Bottom-10.bmp', 1),
(843, 347, 15, '20170522\\15-56-09_PT0058\\Images\\Front/Front-10.bmp', 1),
(844, 347, 24, '20170522\\15-56-09_PT0058\\Images\\FortyFive/FortyFive-10.bmp', 1),
(845, 348, 27, '20170522\\15-56-28_PT0047\\Images\\TopPZT/TopPZT-01.bmp', 1),
(846, 348, 25, '20170522\\15-56-28_PT0047\\Images\\TopABS/TopABS-01.bmp', 1),
(847, 348, 26, '20170522\\15-56-28_PT0047\\Images\\TopAlignment/TopAlignment-01.bmp', 1),
(848, 348, 22, '20170522\\15-56-28_PT0047\\Images\\Bottom/Bottom-01.bmp', 1),
(849, 348, 15, '20170522\\15-56-28_PT0047\\Images\\Front/Front-01.bmp', 1),
(850, 348, 24, '20170522\\15-56-28_PT0047\\Images\\FortyFive/FortyFive-01.bmp', 1),
(851, 349, 27, '20170522\\15-56-28_PT0047\\Images\\TopPZT/TopPZT-02.bmp', 1),
(852, 349, 25, '20170522\\15-56-28_PT0047\\Images\\TopABS/TopABS-02.bmp', 1),
(853, 349, 26, '20170522\\15-56-28_PT0047\\Images\\TopAlignment/TopAlignment-02.bmp', 1),
(854, 349, 22, '20170522\\15-56-28_PT0047\\Images\\Bottom/Bottom-02.bmp', 1),
(855, 349, 15, '20170522\\15-56-28_PT0047\\Images\\Front/Front-02.bmp', 1),
(856, 349, 24, '20170522\\15-56-28_PT0047\\Images\\FortyFive/FortyFive-02.bmp', 1),
(857, 350, 27, '20170522\\15-56-28_PT0047\\Images\\TopPZT/TopPZT-03.bmp', 1),
(858, 350, 25, '20170522\\15-56-28_PT0047\\Images\\TopABS/TopABS-03.bmp', 1),
(859, 350, 26, '20170522\\15-56-28_PT0047\\Images\\TopAlignment/TopAlignment-03.bmp', 1),
(860, 350, 22, '20170522\\15-56-28_PT0047\\Images\\Bottom/Bottom-03.bmp', 1),
(861, 350, 15, '20170522\\15-56-28_PT0047\\Images\\Front/Front-03.bmp', 1),
(862, 350, 24, '20170522\\15-56-28_PT0047\\Images\\FortyFive/FortyFive-03.bmp', 1),
(863, 351, 27, '20170522\\15-56-28_PT0047\\Images\\TopPZT/TopPZT-04.bmp', 1),
(864, 351, 25, '20170522\\15-56-28_PT0047\\Images\\TopABS/TopABS-04.bmp', 1),
(865, 351, 26, '20170522\\15-56-28_PT0047\\Images\\TopAlignment/TopAlignment-04.bmp', 1),
(866, 351, 22, '20170522\\15-56-28_PT0047\\Images\\Bottom/Bottom-04.bmp', 1),
(867, 351, 15, '20170522\\15-56-28_PT0047\\Images\\Front/Front-04.bmp', 1),
(868, 351, 24, '20170522\\15-56-28_PT0047\\Images\\FortyFive/FortyFive-04.bmp', 1),
(869, 352, 27, '20170522\\15-56-28_PT0047\\Images\\TopPZT/TopPZT-05.bmp', 1),
(870, 352, 25, '20170522\\15-56-28_PT0047\\Images\\TopABS/TopABS-05.bmp', 1),
(871, 352, 26, '20170522\\15-56-28_PT0047\\Images\\TopAlignment/TopAlignment-05.bmp', 1),
(872, 352, 22, '20170522\\15-56-28_PT0047\\Images\\Bottom/Bottom-05.bmp', 1),
(873, 352, 15, '20170522\\15-56-28_PT0047\\Images\\Front/Front-05.bmp', 1),
(874, 352, 24, '20170522\\15-56-28_PT0047\\Images\\FortyFive/FortyFive-05.bmp', 1),
(875, 353, 27, '20170522\\15-56-28_PT0047\\Images\\TopPZT/TopPZT-06.bmp', 1),
(876, 353, 25, '20170522\\15-56-28_PT0047\\Images\\TopABS/TopABS-06.bmp', 1),
(877, 353, 26, '20170522\\15-56-28_PT0047\\Images\\TopAlignment/TopAlignment-06.bmp', 1),
(878, 353, 22, '20170522\\15-56-28_PT0047\\Images\\Bottom/Bottom-06.bmp', 1),
(879, 353, 15, '20170522\\15-56-28_PT0047\\Images\\Front/Front-06.bmp', 1),
(880, 353, 24, '20170522\\15-56-28_PT0047\\Images\\FortyFive/FortyFive-06.bmp', 1),
(881, 354, 27, '20170522\\15-56-28_PT0047\\Images\\TopPZT/TopPZT-07.bmp', 1),
(882, 354, 25, '20170522\\15-56-28_PT0047\\Images\\TopABS/TopABS-07.bmp', 1),
(883, 354, 26, '20170522\\15-56-28_PT0047\\Images\\TopAlignment/TopAlignment-07.bmp', 1),
(884, 354, 22, '20170522\\15-56-28_PT0047\\Images\\Bottom/Bottom-07.bmp', 1),
(885, 354, 15, '20170522\\15-56-28_PT0047\\Images\\Front/Front-07.bmp', 1),
(886, 354, 24, '20170522\\15-56-28_PT0047\\Images\\FortyFive/FortyFive-07.bmp', 1),
(887, 355, 27, '20170522\\15-56-28_PT0047\\Images\\TopPZT/TopPZT-08.bmp', 1),
(888, 355, 25, '20170522\\15-56-28_PT0047\\Images\\TopABS/TopABS-08.bmp', 1),
(889, 355, 26, '20170522\\15-56-28_PT0047\\Images\\TopAlignment/TopAlignment-08.bmp', 1),
(890, 355, 22, '20170522\\15-56-28_PT0047\\Images\\Bottom/Bottom-08.bmp', 1),
(891, 355, 15, '20170522\\15-56-28_PT0047\\Images\\Front/Front-08.bmp', 1),
(892, 355, 24, '20170522\\15-56-28_PT0047\\Images\\FortyFive/FortyFive-08.bmp', 1),
(893, 356, 27, '20170522\\15-56-28_PT0047\\Images\\TopPZT/TopPZT-09.bmp', 1),
(894, 356, 25, '20170522\\15-56-28_PT0047\\Images\\TopABS/TopABS-09.bmp', 1),
(895, 356, 26, '20170522\\15-56-28_PT0047\\Images\\TopAlignment/TopAlignment-09.bmp', 1),
(896, 356, 22, '20170522\\15-56-28_PT0047\\Images\\Bottom/Bottom-09.bmp', 1),
(897, 356, 15, '20170522\\15-56-28_PT0047\\Images\\Front/Front-09.bmp', 1),
(898, 356, 24, '20170522\\15-56-28_PT0047\\Images\\FortyFive/FortyFive-09.bmp', 1),
(899, 357, 27, '20170522\\15-56-28_PT0047\\Images\\TopPZT/TopPZT-10.bmp', 1),
(900, 357, 25, '20170522\\15-56-28_PT0047\\Images\\TopABS/TopABS-10.bmp', 1),
(901, 357, 26, '20170522\\15-56-28_PT0047\\Images\\TopAlignment/TopAlignment-10.bmp', 1),
(902, 357, 22, '20170522\\15-56-28_PT0047\\Images\\Bottom/Bottom-10.bmp', 1),
(903, 357, 15, '20170522\\15-56-28_PT0047\\Images\\Front/Front-10.bmp', 1),
(904, 357, 24, '20170522\\15-56-28_PT0047\\Images\\FortyFive/FortyFive-10.bmp', 1),
(905, 358, 27, '20170522\\15-56-52_PT0107\\Images\\TopPZT/TopPZT-01.bmp', 1),
(906, 358, 25, '20170522\\15-56-52_PT0107\\Images\\TopABS/TopABS-01.bmp', 1),
(907, 358, 26, '20170522\\15-56-52_PT0107\\Images\\TopAlignment/TopAlignment-01.bmp', 1),
(908, 358, 22, '20170522\\15-56-52_PT0107\\Images\\Bottom/Bottom-01.bmp', 1),
(909, 358, 15, '20170522\\15-56-52_PT0107\\Images\\Front/Front-01.bmp', 1),
(910, 358, 24, '20170522\\15-56-52_PT0107\\Images\\FortyFive/FortyFive-01.bmp', 1),
(911, 359, 27, '20170522\\15-56-52_PT0107\\Images\\TopPZT/TopPZT-02.bmp', 1),
(912, 359, 25, '20170522\\15-56-52_PT0107\\Images\\TopABS/TopABS-02.bmp', 1),
(913, 359, 26, '20170522\\15-56-52_PT0107\\Images\\TopAlignment/TopAlignment-02.bmp', 1),
(914, 359, 22, '20170522\\15-56-52_PT0107\\Images\\Bottom/Bottom-02.bmp', 1),
(915, 359, 15, '20170522\\15-56-52_PT0107\\Images\\Front/Front-02.bmp', 1),
(916, 359, 24, '20170522\\15-56-52_PT0107\\Images\\FortyFive/FortyFive-02.bmp', 1),
(917, 360, 27, '20170522\\15-56-52_PT0107\\Images\\TopPZT/TopPZT-03.bmp', 1),
(918, 360, 25, '20170522\\15-56-52_PT0107\\Images\\TopABS/TopABS-03.bmp', 1),
(919, 360, 26, '20170522\\15-56-52_PT0107\\Images\\TopAlignment/TopAlignment-03.bmp', 1),
(920, 360, 22, '20170522\\15-56-52_PT0107\\Images\\Bottom/Bottom-03.bmp', 1),
(921, 360, 15, '20170522\\15-56-52_PT0107\\Images\\Front/Front-03.bmp', 1),
(922, 360, 24, '20170522\\15-56-52_PT0107\\Images\\FortyFive/FortyFive-03.bmp', 1),
(923, 361, 27, '20170522\\15-56-52_PT0107\\Images\\TopPZT/TopPZT-04.bmp', 1),
(924, 361, 25, '20170522\\15-56-52_PT0107\\Images\\TopABS/TopABS-04.bmp', 1),
(925, 361, 26, '20170522\\15-56-52_PT0107\\Images\\TopAlignment/TopAlignment-04.bmp', 1),
(926, 361, 22, '20170522\\15-56-52_PT0107\\Images\\Bottom/Bottom-04.bmp', 1),
(927, 361, 15, '20170522\\15-56-52_PT0107\\Images\\Front/Front-04.bmp', 1),
(928, 361, 24, '20170522\\15-56-52_PT0107\\Images\\FortyFive/FortyFive-04.bmp', 1),
(929, 362, 27, '20170522\\15-56-52_PT0107\\Images\\TopPZT/TopPZT-05.bmp', 1),
(930, 362, 25, '20170522\\15-56-52_PT0107\\Images\\TopABS/TopABS-05.bmp', 1),
(931, 362, 26, '20170522\\15-56-52_PT0107\\Images\\TopAlignment/TopAlignment-05.bmp', 1),
(932, 362, 22, '20170522\\15-56-52_PT0107\\Images\\Bottom/Bottom-05.bmp', 1),
(933, 362, 15, '20170522\\15-56-52_PT0107\\Images\\Front/Front-05.bmp', 1),
(934, 362, 24, '20170522\\15-56-52_PT0107\\Images\\FortyFive/FortyFive-05.bmp', 1),
(935, 363, 27, '20170522\\15-56-52_PT0107\\Images\\TopPZT/TopPZT-06.bmp', 1),
(936, 363, 25, '20170522\\15-56-52_PT0107\\Images\\TopABS/TopABS-06.bmp', 1),
(937, 363, 26, '20170522\\15-56-52_PT0107\\Images\\TopAlignment/TopAlignment-06.bmp', 1),
(938, 363, 22, '20170522\\15-56-52_PT0107\\Images\\Bottom/Bottom-06.bmp', 1),
(939, 363, 15, '20170522\\15-56-52_PT0107\\Images\\Front/Front-06.bmp', 1),
(940, 363, 24, '20170522\\15-56-52_PT0107\\Images\\FortyFive/FortyFive-06.bmp', 1),
(941, 364, 27, '20170522\\15-56-52_PT0107\\Images\\TopPZT/TopPZT-07.bmp', 1),
(942, 364, 25, '20170522\\15-56-52_PT0107\\Images\\TopABS/TopABS-07.bmp', 1),
(943, 364, 26, '20170522\\15-56-52_PT0107\\Images\\TopAlignment/TopAlignment-07.bmp', 1),
(944, 364, 22, '20170522\\15-56-52_PT0107\\Images\\Bottom/Bottom-07.bmp', 1),
(945, 364, 15, '20170522\\15-56-52_PT0107\\Images\\Front/Front-07.bmp', 1),
(946, 364, 24, '20170522\\15-56-52_PT0107\\Images\\FortyFive/FortyFive-07.bmp', 1),
(947, 365, 27, '20170522\\15-56-52_PT0107\\Images\\TopPZT/TopPZT-08.bmp', 1),
(948, 365, 25, '20170522\\15-56-52_PT0107\\Images\\TopABS/TopABS-08.bmp', 1),
(949, 365, 26, '20170522\\15-56-52_PT0107\\Images\\TopAlignment/TopAlignment-08.bmp', 1),
(950, 365, 22, '20170522\\15-56-52_PT0107\\Images\\Bottom/Bottom-08.bmp', 1),
(951, 365, 15, '20170522\\15-56-52_PT0107\\Images\\Front/Front-08.bmp', 1),
(952, 365, 24, '20170522\\15-56-52_PT0107\\Images\\FortyFive/FortyFive-08.bmp', 1),
(953, 366, 27, '20170522\\15-56-52_PT0107\\Images\\TopPZT/TopPZT-09.bmp', 1),
(954, 366, 25, '20170522\\15-56-52_PT0107\\Images\\TopABS/TopABS-09.bmp', 1),
(955, 366, 26, '20170522\\15-56-52_PT0107\\Images\\TopAlignment/TopAlignment-09.bmp', 1),
(956, 366, 22, '20170522\\15-56-52_PT0107\\Images\\Bottom/Bottom-09.bmp', 1),
(957, 366, 15, '20170522\\15-56-52_PT0107\\Images\\Front/Front-09.bmp', 1),
(958, 366, 24, '20170522\\15-56-52_PT0107\\Images\\FortyFive/FortyFive-09.bmp', 1),
(959, 367, 27, '20170522\\15-56-52_PT0107\\Images\\TopPZT/TopPZT-10.bmp', 1),
(960, 367, 25, '20170522\\15-56-52_PT0107\\Images\\TopABS/TopABS-10.bmp', 1),
(961, 367, 26, '20170522\\15-56-52_PT0107\\Images\\TopAlignment/TopAlignment-10.bmp', 1),
(962, 367, 22, '20170522\\15-56-52_PT0107\\Images\\Bottom/Bottom-10.bmp', 1),
(963, 367, 15, '20170522\\15-56-52_PT0107\\Images\\Front/Front-10.bmp', 1),
(964, 367, 24, '20170522\\15-56-52_PT0107\\Images\\FortyFive/FortyFive-10.bmp', 1),
(965, 368, 27, '20170522\\15-57-12_PT0050\\Images\\TopPZT/TopPZT-01.bmp', 1),
(966, 368, 25, '20170522\\15-57-12_PT0050\\Images\\TopABS/TopABS-01.bmp', 1),
(967, 368, 26, '20170522\\15-57-12_PT0050\\Images\\TopAlignment/TopAlignment-01.bmp', 1),
(968, 368, 22, '20170522\\15-57-12_PT0050\\Images\\Bottom/Bottom-01.bmp', 1),
(969, 368, 15, '20170522\\15-57-12_PT0050\\Images\\Front/Front-01.bmp', 1),
(970, 368, 24, '20170522\\15-57-12_PT0050\\Images\\FortyFive/FortyFive-01.bmp', 1),
(971, 369, 27, '20170522\\15-57-12_PT0050\\Images\\TopPZT/TopPZT-02.bmp', 1),
(972, 369, 25, '20170522\\15-57-12_PT0050\\Images\\TopABS/TopABS-02.bmp', 1),
(973, 369, 26, '20170522\\15-57-12_PT0050\\Images\\TopAlignment/TopAlignment-02.bmp', 1),
(974, 369, 22, '20170522\\15-57-12_PT0050\\Images\\Bottom/Bottom-02.bmp', 1),
(975, 369, 15, '20170522\\15-57-12_PT0050\\Images\\Front/Front-02.bmp', 1),
(976, 369, 24, '20170522\\15-57-12_PT0050\\Images\\FortyFive/FortyFive-02.bmp', 1),
(977, 370, 27, '20170522\\15-57-12_PT0050\\Images\\TopPZT/TopPZT-03.bmp', 1),
(978, 370, 25, '20170522\\15-57-12_PT0050\\Images\\TopABS/TopABS-03.bmp', 1),
(979, 370, 26, '20170522\\15-57-12_PT0050\\Images\\TopAlignment/TopAlignment-03.bmp', 1),
(980, 370, 22, '20170522\\15-57-12_PT0050\\Images\\Bottom/Bottom-03.bmp', 1),
(981, 370, 15, '20170522\\15-57-12_PT0050\\Images\\Front/Front-03.bmp', 1),
(982, 370, 24, '20170522\\15-57-12_PT0050\\Images\\FortyFive/FortyFive-03.bmp', 1),
(983, 371, 27, '20170522\\15-57-12_PT0050\\Images\\TopPZT/TopPZT-04.bmp', 1),
(984, 371, 25, '20170522\\15-57-12_PT0050\\Images\\TopABS/TopABS-04.bmp', 1),
(985, 371, 26, '20170522\\15-57-12_PT0050\\Images\\TopAlignment/TopAlignment-04.bmp', 1),
(986, 371, 22, '20170522\\15-57-12_PT0050\\Images\\Bottom/Bottom-04.bmp', 1),
(987, 371, 15, '20170522\\15-57-12_PT0050\\Images\\Front/Front-04.bmp', 1),
(988, 371, 24, '20170522\\15-57-12_PT0050\\Images\\FortyFive/FortyFive-04.bmp', 1),
(989, 372, 27, '20170522\\15-57-12_PT0050\\Images\\TopPZT/TopPZT-05.bmp', 1),
(990, 372, 25, '20170522\\15-57-12_PT0050\\Images\\TopABS/TopABS-05.bmp', 1),
(991, 372, 26, '20170522\\15-57-12_PT0050\\Images\\TopAlignment/TopAlignment-05.bmp', 1),
(992, 372, 22, '20170522\\15-57-12_PT0050\\Images\\Bottom/Bottom-05.bmp', 1),
(993, 372, 15, '20170522\\15-57-12_PT0050\\Images\\Front/Front-05.bmp', 1),
(994, 372, 24, '20170522\\15-57-12_PT0050\\Images\\FortyFive/FortyFive-05.bmp', 1),
(995, 373, 27, '20170522\\15-57-12_PT0050\\Images\\TopPZT/TopPZT-06.bmp', 1),
(996, 373, 25, '20170522\\15-57-12_PT0050\\Images\\TopABS/TopABS-06.bmp', 1),
(997, 373, 26, '20170522\\15-57-12_PT0050\\Images\\TopAlignment/TopAlignment-06.bmp', 1),
(998, 373, 22, '20170522\\15-57-12_PT0050\\Images\\Bottom/Bottom-06.bmp', 1),
(999, 373, 15, '20170522\\15-57-12_PT0050\\Images\\Front/Front-06.bmp', 1),
(1000, 373, 24, '20170522\\15-57-12_PT0050\\Images\\FortyFive/FortyFive-06.bmp', 1),
(1001, 374, 27, '20170522\\15-57-12_PT0050\\Images\\TopPZT/TopPZT-07.bmp', 1),
(1002, 374, 25, '20170522\\15-57-12_PT0050\\Images\\TopABS/TopABS-07.bmp', 1),
(1003, 374, 26, '20170522\\15-57-12_PT0050\\Images\\TopAlignment/TopAlignment-07.bmp', 1),
(1004, 374, 22, '20170522\\15-57-12_PT0050\\Images\\Bottom/Bottom-07.bmp', 1),
(1005, 374, 15, '20170522\\15-57-12_PT0050\\Images\\Front/Front-07.bmp', 1),
(1006, 374, 24, '20170522\\15-57-12_PT0050\\Images\\FortyFive/FortyFive-07.bmp', 1),
(1007, 375, 27, '20170522\\15-57-12_PT0050\\Images\\TopPZT/TopPZT-08.bmp', 1),
(1008, 375, 25, '20170522\\15-57-12_PT0050\\Images\\TopABS/TopABS-08.bmp', 1),
(1009, 375, 26, '20170522\\15-57-12_PT0050\\Images\\TopAlignment/TopAlignment-08.bmp', 1),
(1010, 375, 22, '20170522\\15-57-12_PT0050\\Images\\Bottom/Bottom-08.bmp', 1),
(1011, 375, 15, '20170522\\15-57-12_PT0050\\Images\\Front/Front-08.bmp', 1),
(1012, 375, 24, '20170522\\15-57-12_PT0050\\Images\\FortyFive/FortyFive-08.bmp', 1),
(1013, 376, 27, '20170522\\15-57-12_PT0050\\Images\\TopPZT/TopPZT-09.bmp', 1),
(1014, 376, 25, '20170522\\15-57-12_PT0050\\Images\\TopABS/TopABS-09.bmp', 1),
(1015, 376, 26, '20170522\\15-57-12_PT0050\\Images\\TopAlignment/TopAlignment-09.bmp', 1),
(1016, 376, 22, '20170522\\15-57-12_PT0050\\Images\\Bottom/Bottom-09.bmp', 1),
(1017, 376, 15, '20170522\\15-57-12_PT0050\\Images\\Front/Front-09.bmp', 1),
(1018, 376, 24, '20170522\\15-57-12_PT0050\\Images\\FortyFive/FortyFive-09.bmp', 1),
(1019, 377, 27, '20170522\\15-57-12_PT0050\\Images\\TopPZT/TopPZT-10.bmp', 1),
(1020, 377, 25, '20170522\\15-57-12_PT0050\\Images\\TopABS/TopABS-10.bmp', 1),
(1021, 377, 26, '20170522\\15-57-12_PT0050\\Images\\TopAlignment/TopAlignment-10.bmp', 1),
(1022, 377, 22, '20170522\\15-57-12_PT0050\\Images\\Bottom/Bottom-10.bmp', 1),
(1023, 377, 15, '20170522\\15-57-12_PT0050\\Images\\Front/Front-10.bmp', 1),
(1024, 377, 24, '20170522\\15-57-12_PT0050\\Images\\FortyFive/FortyFive-10.bmp', 1),
(1025, 378, 27, '20170606\\14-24-35_PT0009\\Images\\TopPZT/TopPZT-01.bmp', 1),
(1026, 378, 25, '20170606\\14-24-35_PT0009\\Images\\TopABS/TopABS-01.bmp', 1),
(1027, 378, 26, '20170606\\14-24-35_PT0009\\Images\\TopAlignment/TopAlignment-01.bmp', 1),
(1028, 378, 22, '20170606\\14-24-35_PT0009\\Images\\Bottom/Bottom-01.bmp', 1),
(1029, 378, 15, '20170606\\14-24-35_PT0009\\Images\\Front/Front-01.bmp', 1),
(1030, 378, 24, '20170606\\14-24-35_PT0009\\Images\\FortyFive/FortyFive-01.bmp', 1),
(1031, 379, 27, '20170606\\14-24-35_PT0009\\Images\\TopPZT/TopPZT-02.bmp', 1),
(1032, 379, 25, '20170606\\14-24-35_PT0009\\Images\\TopABS/TopABS-02.bmp', 1),
(1033, 379, 26, '20170606\\14-24-35_PT0009\\Images\\TopAlignment/TopAlignment-02.bmp', 1),
(1034, 379, 22, '20170606\\14-24-35_PT0009\\Images\\Bottom/Bottom-02.bmp', 1),
(1035, 379, 15, '20170606\\14-24-35_PT0009\\Images\\Front/Front-02.bmp', 1),
(1036, 379, 24, '20170606\\14-24-35_PT0009\\Images\\FortyFive/FortyFive-02.bmp', 1),
(1037, 380, 27, '20170606\\14-24-35_PT0009\\Images\\TopPZT/TopPZT-03.bmp', 1),
(1038, 380, 25, '20170606\\14-24-35_PT0009\\Images\\TopABS/TopABS-03.bmp', 1),
(1039, 380, 26, '20170606\\14-24-35_PT0009\\Images\\TopAlignment/TopAlignment-03.bmp', 1),
(1040, 380, 22, '20170606\\14-24-35_PT0009\\Images\\Bottom/Bottom-03.bmp', 1),
(1041, 380, 15, '20170606\\14-24-35_PT0009\\Images\\Front/Front-03.bmp', 1),
(1042, 380, 24, '20170606\\14-24-35_PT0009\\Images\\FortyFive/FortyFive-03.bmp', 1),
(1043, 381, 27, '20170606\\14-24-35_PT0009\\Images\\TopPZT/TopPZT-04.bmp', 1),
(1044, 381, 25, '20170606\\14-24-35_PT0009\\Images\\TopABS/TopABS-04.bmp', 1),
(1045, 381, 26, '20170606\\14-24-35_PT0009\\Images\\TopAlignment/TopAlignment-04.bmp', 1),
(1046, 381, 22, '20170606\\14-24-35_PT0009\\Images\\Bottom/Bottom-04.bmp', 1),
(1047, 381, 15, '20170606\\14-24-35_PT0009\\Images\\Front/Front-04.bmp', 1),
(1048, 381, 24, '20170606\\14-24-35_PT0009\\Images\\FortyFive/FortyFive-04.bmp', 1),
(1049, 382, 27, '20170606\\14-24-35_PT0009\\Images\\TopPZT/TopPZT-05.bmp', 1),
(1050, 382, 25, '20170606\\14-24-35_PT0009\\Images\\TopABS/TopABS-05.bmp', 1),
(1051, 382, 26, '20170606\\14-24-35_PT0009\\Images\\TopAlignment/TopAlignment-05.bmp', 1),
(1052, 382, 22, '20170606\\14-24-35_PT0009\\Images\\Bottom/Bottom-05.bmp', 1),
(1053, 382, 15, '20170606\\14-24-35_PT0009\\Images\\Front/Front-05.bmp', 1),
(1054, 382, 24, '20170606\\14-24-35_PT0009\\Images\\FortyFive/FortyFive-05.bmp', 1),
(1055, 383, 27, '20170606\\14-24-35_PT0009\\Images\\TopPZT/TopPZT-06.bmp', 1),
(1056, 383, 25, '20170606\\14-24-35_PT0009\\Images\\TopABS/TopABS-06.bmp', 1),
(1057, 383, 26, '20170606\\14-24-35_PT0009\\Images\\TopAlignment/TopAlignment-06.bmp', 1),
(1058, 383, 22, '20170606\\14-24-35_PT0009\\Images\\Bottom/Bottom-06.bmp', 1),
(1059, 383, 15, '20170606\\14-24-35_PT0009\\Images\\Front/Front-06.bmp', 1),
(1060, 383, 24, '20170606\\14-24-35_PT0009\\Images\\FortyFive/FortyFive-06.bmp', 1),
(1061, 384, 27, '20170606\\14-24-35_PT0009\\Images\\TopPZT/TopPZT-07.bmp', 1),
(1062, 384, 25, '20170606\\14-24-35_PT0009\\Images\\TopABS/TopABS-07.bmp', 1),
(1063, 384, 26, '20170606\\14-24-35_PT0009\\Images\\TopAlignment/TopAlignment-07.bmp', 1),
(1064, 384, 22, '20170606\\14-24-35_PT0009\\Images\\Bottom/Bottom-07.bmp', 1),
(1065, 384, 15, '20170606\\14-24-35_PT0009\\Images\\Front/Front-07.bmp', 1),
(1066, 384, 24, '20170606\\14-24-35_PT0009\\Images\\FortyFive/FortyFive-07.bmp', 1),
(1067, 385, 27, '20170606\\14-24-35_PT0009\\Images\\TopPZT/TopPZT-08.bmp', 1),
(1068, 385, 25, '20170606\\14-24-35_PT0009\\Images\\TopABS/TopABS-08.bmp', 1),
(1069, 385, 26, '20170606\\14-24-35_PT0009\\Images\\TopAlignment/TopAlignment-08.bmp', 1),
(1070, 385, 22, '20170606\\14-24-35_PT0009\\Images\\Bottom/Bottom-08.bmp', 1),
(1071, 385, 15, '20170606\\14-24-35_PT0009\\Images\\Front/Front-08.bmp', 1),
(1072, 385, 24, '20170606\\14-24-35_PT0009\\Images\\FortyFive/FortyFive-08.bmp', 1),
(1073, 386, 27, '20170606\\14-24-35_PT0009\\Images\\TopPZT/TopPZT-09.bmp', 1),
(1074, 386, 25, '20170606\\14-24-35_PT0009\\Images\\TopABS/TopABS-09.bmp', 1),
(1075, 386, 26, '20170606\\14-24-35_PT0009\\Images\\TopAlignment/TopAlignment-09.bmp', 1),
(1076, 386, 22, '20170606\\14-24-35_PT0009\\Images\\Bottom/Bottom-09.bmp', 1),
(1077, 386, 15, '20170606\\14-24-35_PT0009\\Images\\Front/Front-09.bmp', 1),
(1078, 386, 24, '20170606\\14-24-35_PT0009\\Images\\FortyFive/FortyFive-09.bmp', 1),
(1079, 387, 27, '20170606\\14-24-35_PT0009\\Images\\TopPZT/TopPZT-10.bmp', 1),
(1080, 387, 25, '20170606\\14-24-35_PT0009\\Images\\TopABS/TopABS-10.bmp', 1),
(1081, 387, 26, '20170606\\14-24-35_PT0009\\Images\\TopAlignment/TopAlignment-10.bmp', 1),
(1082, 387, 22, '20170606\\14-24-35_PT0009\\Images\\Bottom/Bottom-10.bmp', 1),
(1083, 387, 15, '20170606\\14-24-35_PT0009\\Images\\Front/Front-10.bmp', 1),
(1084, 387, 24, '20170606\\14-24-35_PT0009\\Images\\FortyFive/FortyFive-10.bmp', 1),
(1085, 388, 27, '20170606\\14-21-25_PT0092\\Images\\TopPZT/TopPZT-01.bmp', 1),
(1086, 388, 25, '20170606\\14-21-25_PT0092\\Images\\TopABS/TopABS-01.bmp', 1),
(1087, 388, 26, '20170606\\14-21-25_PT0092\\Images\\TopAlignment/TopAlignment-01.bmp', 1),
(1088, 388, 22, '20170606\\14-21-25_PT0092\\Images\\Bottom/Bottom-01.bmp', 1),
(1089, 388, 15, '20170606\\14-21-25_PT0092\\Images\\Front/Front-01.bmp', 1),
(1090, 388, 24, '20170606\\14-21-25_PT0092\\Images\\FortyFive/FortyFive-01.bmp', 1),
(1091, 389, 27, '20170606\\14-21-25_PT0092\\Images\\TopPZT/TopPZT-02.bmp', 1),
(1092, 389, 25, '20170606\\14-21-25_PT0092\\Images\\TopABS/TopABS-02.bmp', 1),
(1093, 389, 26, '20170606\\14-21-25_PT0092\\Images\\TopAlignment/TopAlignment-02.bmp', 1),
(1094, 389, 22, '20170606\\14-21-25_PT0092\\Images\\Bottom/Bottom-02.bmp', 1),
(1095, 389, 15, '20170606\\14-21-25_PT0092\\Images\\Front/Front-02.bmp', 1),
(1096, 389, 24, '20170606\\14-21-25_PT0092\\Images\\FortyFive/FortyFive-02.bmp', 1),
(1097, 390, 27, '20170606\\14-21-25_PT0092\\Images\\TopPZT/TopPZT-03.bmp', 1),
(1098, 390, 25, '20170606\\14-21-25_PT0092\\Images\\TopABS/TopABS-03.bmp', 1),
(1099, 390, 26, '20170606\\14-21-25_PT0092\\Images\\TopAlignment/TopAlignment-03.bmp', 1),
(1100, 390, 22, '20170606\\14-21-25_PT0092\\Images\\Bottom/Bottom-03.bmp', 1),
(1101, 390, 15, '20170606\\14-21-25_PT0092\\Images\\Front/Front-03.bmp', 1),
(1102, 390, 24, '20170606\\14-21-25_PT0092\\Images\\FortyFive/FortyFive-03.bmp', 1),
(1103, 391, 27, '20170606\\14-21-25_PT0092\\Images\\TopPZT/TopPZT-04.bmp', 1),
(1104, 391, 25, '20170606\\14-21-25_PT0092\\Images\\TopABS/TopABS-04.bmp', 1),
(1105, 391, 26, '20170606\\14-21-25_PT0092\\Images\\TopAlignment/TopAlignment-04.bmp', 1),
(1106, 391, 22, '20170606\\14-21-25_PT0092\\Images\\Bottom/Bottom-04.bmp', 1),
(1107, 391, 15, '20170606\\14-21-25_PT0092\\Images\\Front/Front-04.bmp', 1),
(1108, 391, 24, '20170606\\14-21-25_PT0092\\Images\\FortyFive/FortyFive-04.bmp', 1),
(1109, 392, 27, '20170606\\14-21-25_PT0092\\Images\\TopPZT/TopPZT-05.bmp', 1),
(1110, 392, 25, '20170606\\14-21-25_PT0092\\Images\\TopABS/TopABS-05.bmp', 1),
(1111, 392, 26, '20170606\\14-21-25_PT0092\\Images\\TopAlignment/TopAlignment-05.bmp', 1),
(1112, 392, 22, '20170606\\14-21-25_PT0092\\Images\\Bottom/Bottom-05.bmp', 1),
(1113, 392, 15, '20170606\\14-21-25_PT0092\\Images\\Front/Front-05.bmp', 1),
(1114, 392, 24, '20170606\\14-21-25_PT0092\\Images\\FortyFive/FortyFive-05.bmp', 1),
(1115, 393, 27, '20170606\\14-21-25_PT0092\\Images\\TopPZT/TopPZT-06.bmp', 1),
(1116, 393, 25, '20170606\\14-21-25_PT0092\\Images\\TopABS/TopABS-06.bmp', 1),
(1117, 393, 26, '20170606\\14-21-25_PT0092\\Images\\TopAlignment/TopAlignment-06.bmp', 1),
(1118, 393, 22, '20170606\\14-21-25_PT0092\\Images\\Bottom/Bottom-06.bmp', 1),
(1119, 393, 15, '20170606\\14-21-25_PT0092\\Images\\Front/Front-06.bmp', 1),
(1120, 393, 24, '20170606\\14-21-25_PT0092\\Images\\FortyFive/FortyFive-06.bmp', 1),
(1121, 394, 27, '20170606\\14-21-25_PT0092\\Images\\TopPZT/TopPZT-07.bmp', 1),
(1122, 394, 25, '20170606\\14-21-25_PT0092\\Images\\TopABS/TopABS-07.bmp', 1),
(1123, 394, 26, '20170606\\14-21-25_PT0092\\Images\\TopAlignment/TopAlignment-07.bmp', 1),
(1124, 394, 22, '20170606\\14-21-25_PT0092\\Images\\Bottom/Bottom-07.bmp', 1),
(1125, 394, 15, '20170606\\14-21-25_PT0092\\Images\\Front/Front-07.bmp', 1),
(1126, 394, 24, '20170606\\14-21-25_PT0092\\Images\\FortyFive/FortyFive-07.bmp', 1),
(1127, 395, 27, '20170606\\14-21-25_PT0092\\Images\\TopPZT/TopPZT-08.bmp', 1),
(1128, 395, 25, '20170606\\14-21-25_PT0092\\Images\\TopABS/TopABS-08.bmp', 1),
(1129, 395, 26, '20170606\\14-21-25_PT0092\\Images\\TopAlignment/TopAlignment-08.bmp', 1),
(1130, 395, 22, '20170606\\14-21-25_PT0092\\Images\\Bottom/Bottom-08.bmp', 1),
(1131, 395, 15, '20170606\\14-21-25_PT0092\\Images\\Front/Front-08.bmp', 1),
(1132, 395, 24, '20170606\\14-21-25_PT0092\\Images\\FortyFive/FortyFive-08.bmp', 1),
(1133, 396, 27, '20170606\\14-21-25_PT0092\\Images\\TopPZT/TopPZT-09.bmp', 1),
(1134, 396, 25, '20170606\\14-21-25_PT0092\\Images\\TopABS/TopABS-09.bmp', 1),
(1135, 396, 26, '20170606\\14-21-25_PT0092\\Images\\TopAlignment/TopAlignment-09.bmp', 1),
(1136, 396, 22, '20170606\\14-21-25_PT0092\\Images\\Bottom/Bottom-09.bmp', 1),
(1137, 396, 15, '20170606\\14-21-25_PT0092\\Images\\Front/Front-09.bmp', 1),
(1138, 396, 24, '20170606\\14-21-25_PT0092\\Images\\FortyFive/FortyFive-09.bmp', 1),
(1139, 397, 27, '20170606\\14-21-25_PT0092\\Images\\TopPZT/TopPZT-10.bmp', 1),
(1140, 397, 25, '20170606\\14-21-25_PT0092\\Images\\TopABS/TopABS-10.bmp', 1),
(1141, 397, 26, '20170606\\14-21-25_PT0092\\Images\\TopAlignment/TopAlignment-10.bmp', 1),
(1142, 397, 22, '20170606\\14-21-25_PT0092\\Images\\Bottom/Bottom-10.bmp', 1),
(1143, 397, 15, '20170606\\14-21-25_PT0092\\Images\\Front/Front-10.bmp', 1),
(1144, 397, 24, '20170606\\14-21-25_PT0092\\Images\\FortyFive/FortyFive-10.bmp', 1),
(1145, 398, 27, '20170712\\10-22-15_PT0109\\Images\\TopPZT/TopPZT-01.bmp', 1),
(1146, 398, 25, '20170712\\10-22-15_PT0109\\Images\\TopABS/TopABS-01.bmp', 1),
(1147, 398, 26, '20170712\\10-22-15_PT0109\\Images\\TopAlignment/TopAlignment-01.bmp', 1),
(1148, 398, 28, '20170712\\10-22-15_PT0109\\Images\\SideL/SideL-01.bmp', 1),
(1149, 398, 29, '20170712\\10-22-15_PT0109\\Images\\SideR/SideR-01.bmp', 1),
(1150, 398, 22, '20170712\\10-22-15_PT0109\\Images\\Bottom/Bottom-01.bmp', 1),
(1151, 398, 15, '20170712\\10-22-15_PT0109\\Images\\Front/Front-01.bmp', 1),
(1152, 398, 30, '20170712\\10-22-15_PT0109\\Images\\TopTail/TopTail-01.bmp', 1),
(1153, 398, 24, '20170712\\10-22-15_PT0109\\Images\\FortyFive/FortyFive-01.bmp', 1),
(1154, 399, 27, '20170712\\10-22-15_PT0109\\Images\\TopPZT/TopPZT-02.bmp', 1),
(1155, 399, 25, '20170712\\10-22-15_PT0109\\Images\\TopABS/TopABS-02.bmp', 1),
(1156, 399, 26, '20170712\\10-22-15_PT0109\\Images\\TopAlignment/TopAlignment-02.bmp', 1),
(1157, 399, 28, '20170712\\10-22-15_PT0109\\Images\\SideL/SideL-02.bmp', 1),
(1158, 399, 29, '20170712\\10-22-15_PT0109\\Images\\SideR/SideR-02.bmp', 1),
(1159, 399, 22, '20170712\\10-22-15_PT0109\\Images\\Bottom/Bottom-02.bmp', 1),
(1160, 399, 15, '20170712\\10-22-15_PT0109\\Images\\Front/Front-02.bmp', 1),
(1161, 399, 30, '20170712\\10-22-15_PT0109\\Images\\TopTail/TopTail-02.bmp', 1),
(1162, 399, 24, '20170712\\10-22-15_PT0109\\Images\\FortyFive/FortyFive-02.bmp', 1),
(1163, 400, 27, '20170712\\10-22-15_PT0109\\Images\\TopPZT/TopPZT-03.bmp', 1),
(1164, 400, 25, '20170712\\10-22-15_PT0109\\Images\\TopABS/TopABS-03.bmp', 1),
(1165, 400, 26, '20170712\\10-22-15_PT0109\\Images\\TopAlignment/TopAlignment-03.bmp', 1),
(1166, 400, 28, '20170712\\10-22-15_PT0109\\Images\\SideL/SideL-03.bmp', 1),
(1167, 400, 29, '20170712\\10-22-15_PT0109\\Images\\SideR/SideR-03.bmp', 1),
(1168, 400, 22, '20170712\\10-22-15_PT0109\\Images\\Bottom/Bottom-03.bmp', 1),
(1169, 400, 15, '20170712\\10-22-15_PT0109\\Images\\Front/Front-03.bmp', 1),
(1170, 400, 30, '20170712\\10-22-15_PT0109\\Images\\TopTail/TopTail-03.bmp', 1),
(1171, 400, 24, '20170712\\10-22-15_PT0109\\Images\\FortyFive/FortyFive-03.bmp', 1),
(1172, 401, 27, '20170712\\10-22-15_PT0109\\Images\\TopPZT/TopPZT-04.bmp', 1),
(1173, 401, 25, '20170712\\10-22-15_PT0109\\Images\\TopABS/TopABS-04.bmp', 1),
(1174, 401, 26, '20170712\\10-22-15_PT0109\\Images\\TopAlignment/TopAlignment-04.bmp', 1),
(1175, 401, 28, '20170712\\10-22-15_PT0109\\Images\\SideL/SideL-04.bmp', 1),
(1176, 401, 29, '20170712\\10-22-15_PT0109\\Images\\SideR/SideR-04.bmp', 1),
(1177, 401, 22, '20170712\\10-22-15_PT0109\\Images\\Bottom/Bottom-04.bmp', 1),
(1178, 401, 15, '20170712\\10-22-15_PT0109\\Images\\Front/Front-04.bmp', 1),
(1179, 401, 30, '20170712\\10-22-15_PT0109\\Images\\TopTail/TopTail-04.bmp', 1),
(1180, 401, 24, '20170712\\10-22-15_PT0109\\Images\\FortyFive/FortyFive-04.bmp', 1),
(1181, 402, 27, '20170712\\10-22-15_PT0109\\Images\\TopPZT/TopPZT-05.bmp', 1),
(1182, 402, 25, '20170712\\10-22-15_PT0109\\Images\\TopABS/TopABS-05.bmp', 1),
(1183, 402, 26, '20170712\\10-22-15_PT0109\\Images\\TopAlignment/TopAlignment-05.bmp', 1),
(1184, 402, 28, '20170712\\10-22-15_PT0109\\Images\\SideL/SideL-05.bmp', 1),
(1185, 402, 29, '20170712\\10-22-15_PT0109\\Images\\SideR/SideR-05.bmp', 1),
(1186, 402, 22, '20170712\\10-22-15_PT0109\\Images\\Bottom/Bottom-05.bmp', 1),
(1187, 402, 15, '20170712\\10-22-15_PT0109\\Images\\Front/Front-05.bmp', 1),
(1188, 402, 30, '20170712\\10-22-15_PT0109\\Images\\TopTail/TopTail-05.bmp', 1),
(1189, 402, 24, '20170712\\10-22-15_PT0109\\Images\\FortyFive/FortyFive-05.bmp', 1),
(1190, 403, 27, '20170712\\10-22-15_PT0109\\Images\\TopPZT/TopPZT-06.bmp', 1),
(1191, 403, 25, '20170712\\10-22-15_PT0109\\Images\\TopABS/TopABS-06.bmp', 1),
(1192, 403, 26, '20170712\\10-22-15_PT0109\\Images\\TopAlignment/TopAlignment-06.bmp', 1),
(1193, 403, 28, '20170712\\10-22-15_PT0109\\Images\\SideL/SideL-06.bmp', 1),
(1194, 403, 29, '20170712\\10-22-15_PT0109\\Images\\SideR/SideR-06.bmp', 1),
(1195, 403, 22, '20170712\\10-22-15_PT0109\\Images\\Bottom/Bottom-06.bmp', 1),
(1196, 403, 15, '20170712\\10-22-15_PT0109\\Images\\Front/Front-06.bmp', 1),
(1197, 403, 30, '20170712\\10-22-15_PT0109\\Images\\TopTail/TopTail-06.bmp', 1),
(1198, 403, 24, '20170712\\10-22-15_PT0109\\Images\\FortyFive/FortyFive-06.bmp', 1),
(1199, 404, 27, '20170712\\10-22-15_PT0109\\Images\\TopPZT/TopPZT-07.bmp', 1),
(1200, 404, 25, '20170712\\10-22-15_PT0109\\Images\\TopABS/TopABS-07.bmp', 1),
(1201, 404, 26, '20170712\\10-22-15_PT0109\\Images\\TopAlignment/TopAlignment-07.bmp', 1),
(1202, 404, 28, '20170712\\10-22-15_PT0109\\Images\\SideL/SideL-07.bmp', 1),
(1203, 404, 29, '20170712\\10-22-15_PT0109\\Images\\SideR/SideR-07.bmp', 1),
(1204, 404, 22, '20170712\\10-22-15_PT0109\\Images\\Bottom/Bottom-07.bmp', 1),
(1205, 404, 15, '20170712\\10-22-15_PT0109\\Images\\Front/Front-07.bmp', 1),
(1206, 404, 30, '20170712\\10-22-15_PT0109\\Images\\TopTail/TopTail-07.bmp', 1),
(1207, 404, 24, '20170712\\10-22-15_PT0109\\Images\\FortyFive/FortyFive-07.bmp', 1),
(1208, 405, 27, '20170712\\10-22-15_PT0109\\Images\\TopPZT/TopPZT-08.bmp', 1),
(1209, 405, 25, '20170712\\10-22-15_PT0109\\Images\\TopABS/TopABS-08.bmp', 1),
(1210, 405, 26, '20170712\\10-22-15_PT0109\\Images\\TopAlignment/TopAlignment-08.bmp', 1),
(1211, 405, 28, '20170712\\10-22-15_PT0109\\Images\\SideL/SideL-08.bmp', 1),
(1212, 405, 29, '20170712\\10-22-15_PT0109\\Images\\SideR/SideR-08.bmp', 1),
(1213, 405, 22, '20170712\\10-22-15_PT0109\\Images\\Bottom/Bottom-08.bmp', 1),
(1214, 405, 15, '20170712\\10-22-15_PT0109\\Images\\Front/Front-08.bmp', 1),
(1215, 405, 30, '20170712\\10-22-15_PT0109\\Images\\TopTail/TopTail-08.bmp', 1),
(1216, 405, 24, '20170712\\10-22-15_PT0109\\Images\\FortyFive/FortyFive-08.bmp', 1),
(1217, 406, 27, '20170712\\10-22-15_PT0109\\Images\\TopPZT/TopPZT-09.bmp', 1),
(1218, 406, 25, '20170712\\10-22-15_PT0109\\Images\\TopABS/TopABS-09.bmp', 1),
(1219, 406, 26, '20170712\\10-22-15_PT0109\\Images\\TopAlignment/TopAlignment-09.bmp', 1),
(1220, 406, 28, '20170712\\10-22-15_PT0109\\Images\\SideL/SideL-09.bmp', 1),
(1221, 406, 29, '20170712\\10-22-15_PT0109\\Images\\SideR/SideR-09.bmp', 1),
(1222, 406, 22, '20170712\\10-22-15_PT0109\\Images\\Bottom/Bottom-09.bmp', 1),
(1223, 406, 15, '20170712\\10-22-15_PT0109\\Images\\Front/Front-09.bmp', 1),
(1224, 406, 30, '20170712\\10-22-15_PT0109\\Images\\TopTail/TopTail-09.bmp', 1),
(1225, 406, 24, '20170712\\10-22-15_PT0109\\Images\\FortyFive/FortyFive-09.bmp', 1),
(1226, 407, 27, '20170712\\10-22-15_PT0109\\Images\\TopPZT/TopPZT-10.bmp', 1),
(1227, 407, 25, '20170712\\10-22-15_PT0109\\Images\\TopABS/TopABS-10.bmp', 1),
(1228, 407, 26, '20170712\\10-22-15_PT0109\\Images\\TopAlignment/TopAlignment-10.bmp', 1),
(1229, 407, 28, '20170712\\10-22-15_PT0109\\Images\\SideL/SideL-10.bmp', 1),
(1230, 407, 29, '20170712\\10-22-15_PT0109\\Images\\SideR/SideR-10.bmp', 1),
(1231, 407, 22, '20170712\\10-22-15_PT0109\\Images\\Bottom/Bottom-10.bmp', 1),
(1232, 407, 15, '20170712\\10-22-15_PT0109\\Images\\Front/Front-10.bmp', 1),
(1233, 407, 30, '20170712\\10-22-15_PT0109\\Images\\TopTail/TopTail-10.bmp', 1),
(1234, 407, 24, '20170712\\10-22-15_PT0109\\Images\\FortyFive/FortyFive-10.bmp', 1),
(1235, 408, 27, '20170712\\10-21-50_PT0027\\Images\\TopPZT/TopPZT-01.bmp', 1),
(1236, 408, 25, '20170712\\10-21-50_PT0027\\Images\\TopABS/TopABS-01.bmp', 1),
(1237, 408, 26, '20170712\\10-21-50_PT0027\\Images\\TopAlignment/TopAlignment-01.bmp', 1),
(1238, 408, 28, '20170712\\10-21-50_PT0027\\Images\\SideL/SideL-01.bmp', 1),
(1239, 408, 29, '20170712\\10-21-50_PT0027\\Images\\SideR/SideR-01.bmp', 1),
(1240, 408, 22, '20170712\\10-21-50_PT0027\\Images\\Bottom/Bottom-01.bmp', 1),
(1241, 408, 15, '20170712\\10-21-50_PT0027\\Images\\Front/Front-01.bmp', 1),
(1242, 408, 30, '20170712\\10-21-50_PT0027\\Images\\TopTail/TopTail-01.bmp', 1),
(1243, 408, 24, '20170712\\10-21-50_PT0027\\Images\\FortyFive/FortyFive-01.bmp', 1),
(1244, 409, 27, '20170712\\10-21-50_PT0027\\Images\\TopPZT/TopPZT-02.bmp', 1),
(1245, 409, 25, '20170712\\10-21-50_PT0027\\Images\\TopABS/TopABS-02.bmp', 1),
(1246, 409, 26, '20170712\\10-21-50_PT0027\\Images\\TopAlignment/TopAlignment-02.bmp', 1),
(1247, 409, 28, '20170712\\10-21-50_PT0027\\Images\\SideL/SideL-02.bmp', 1),
(1248, 409, 29, '20170712\\10-21-50_PT0027\\Images\\SideR/SideR-02.bmp', 1),
(1249, 409, 22, '20170712\\10-21-50_PT0027\\Images\\Bottom/Bottom-02.bmp', 1),
(1250, 409, 15, '20170712\\10-21-50_PT0027\\Images\\Front/Front-02.bmp', 1),
(1251, 409, 30, '20170712\\10-21-50_PT0027\\Images\\TopTail/TopTail-02.bmp', 1),
(1252, 409, 24, '20170712\\10-21-50_PT0027\\Images\\FortyFive/FortyFive-02.bmp', 1),
(1253, 410, 27, '20170712\\10-21-50_PT0027\\Images\\TopPZT/TopPZT-03.bmp', 1),
(1254, 410, 25, '20170712\\10-21-50_PT0027\\Images\\TopABS/TopABS-03.bmp', 1),
(1255, 410, 26, '20170712\\10-21-50_PT0027\\Images\\TopAlignment/TopAlignment-03.bmp', 1),
(1256, 410, 28, '20170712\\10-21-50_PT0027\\Images\\SideL/SideL-03.bmp', 1),
(1257, 410, 29, '20170712\\10-21-50_PT0027\\Images\\SideR/SideR-03.bmp', 1),
(1258, 410, 22, '20170712\\10-21-50_PT0027\\Images\\Bottom/Bottom-03.bmp', 1),
(1259, 410, 15, '20170712\\10-21-50_PT0027\\Images\\Front/Front-03.bmp', 1),
(1260, 410, 30, '20170712\\10-21-50_PT0027\\Images\\TopTail/TopTail-03.bmp', 1),
(1261, 410, 24, '20170712\\10-21-50_PT0027\\Images\\FortyFive/FortyFive-03.bmp', 1),
(1262, 411, 27, '20170712\\10-21-50_PT0027\\Images\\TopPZT/TopPZT-04.bmp', 1),
(1263, 411, 25, '20170712\\10-21-50_PT0027\\Images\\TopABS/TopABS-04.bmp', 1),
(1264, 411, 26, '20170712\\10-21-50_PT0027\\Images\\TopAlignment/TopAlignment-04.bmp', 1),
(1265, 411, 28, '20170712\\10-21-50_PT0027\\Images\\SideL/SideL-04.bmp', 1),
(1266, 411, 29, '20170712\\10-21-50_PT0027\\Images\\SideR/SideR-04.bmp', 1),
(1267, 411, 22, '20170712\\10-21-50_PT0027\\Images\\Bottom/Bottom-04.bmp', 1),
(1268, 411, 15, '20170712\\10-21-50_PT0027\\Images\\Front/Front-04.bmp', 1),
(1269, 411, 30, '20170712\\10-21-50_PT0027\\Images\\TopTail/TopTail-04.bmp', 1),
(1270, 411, 24, '20170712\\10-21-50_PT0027\\Images\\FortyFive/FortyFive-04.bmp', 1),
(1271, 412, 27, '20170712\\10-21-50_PT0027\\Images\\TopPZT/TopPZT-05.bmp', 1),
(1272, 412, 25, '20170712\\10-21-50_PT0027\\Images\\TopABS/TopABS-05.bmp', 1),
(1273, 412, 26, '20170712\\10-21-50_PT0027\\Images\\TopAlignment/TopAlignment-05.bmp', 1),
(1274, 412, 28, '20170712\\10-21-50_PT0027\\Images\\SideL/SideL-05.bmp', 1),
(1275, 412, 29, '20170712\\10-21-50_PT0027\\Images\\SideR/SideR-05.bmp', 1),
(1276, 412, 22, '20170712\\10-21-50_PT0027\\Images\\Bottom/Bottom-05.bmp', 1),
(1277, 412, 15, '20170712\\10-21-50_PT0027\\Images\\Front/Front-05.bmp', 1),
(1278, 412, 30, '20170712\\10-21-50_PT0027\\Images\\TopTail/TopTail-05.bmp', 1),
(1279, 412, 24, '20170712\\10-21-50_PT0027\\Images\\FortyFive/FortyFive-05.bmp', 1),
(1280, 413, 27, '20170712\\10-21-50_PT0027\\Images\\TopPZT/TopPZT-06.bmp', 1),
(1281, 413, 25, '20170712\\10-21-50_PT0027\\Images\\TopABS/TopABS-06.bmp', 1),
(1282, 413, 26, '20170712\\10-21-50_PT0027\\Images\\TopAlignment/TopAlignment-06.bmp', 1),
(1283, 413, 28, '20170712\\10-21-50_PT0027\\Images\\SideL/SideL-06.bmp', 1),
(1284, 413, 29, '20170712\\10-21-50_PT0027\\Images\\SideR/SideR-06.bmp', 1),
(1285, 413, 22, '20170712\\10-21-50_PT0027\\Images\\Bottom/Bottom-06.bmp', 1),
(1286, 413, 15, '20170712\\10-21-50_PT0027\\Images\\Front/Front-06.bmp', 1),
(1287, 413, 30, '20170712\\10-21-50_PT0027\\Images\\TopTail/TopTail-06.bmp', 1),
(1288, 413, 24, '20170712\\10-21-50_PT0027\\Images\\FortyFive/FortyFive-06.bmp', 1),
(1289, 414, 27, '20170712\\10-21-50_PT0027\\Images\\TopPZT/TopPZT-07.bmp', 1),
(1290, 414, 25, '20170712\\10-21-50_PT0027\\Images\\TopABS/TopABS-07.bmp', 1),
(1291, 414, 26, '20170712\\10-21-50_PT0027\\Images\\TopAlignment/TopAlignment-07.bmp', 1),
(1292, 414, 28, '20170712\\10-21-50_PT0027\\Images\\SideL/SideL-07.bmp', 1),
(1293, 414, 29, '20170712\\10-21-50_PT0027\\Images\\SideR/SideR-07.bmp', 1),
(1294, 414, 22, '20170712\\10-21-50_PT0027\\Images\\Bottom/Bottom-07.bmp', 1),
(1295, 414, 15, '20170712\\10-21-50_PT0027\\Images\\Front/Front-07.bmp', 1),
(1296, 414, 30, '20170712\\10-21-50_PT0027\\Images\\TopTail/TopTail-07.bmp', 1),
(1297, 414, 24, '20170712\\10-21-50_PT0027\\Images\\FortyFive/FortyFive-07.bmp', 1),
(1298, 415, 27, '20170712\\10-21-50_PT0027\\Images\\TopPZT/TopPZT-08.bmp', 1),
(1299, 415, 25, '20170712\\10-21-50_PT0027\\Images\\TopABS/TopABS-08.bmp', 1),
(1300, 415, 26, '20170712\\10-21-50_PT0027\\Images\\TopAlignment/TopAlignment-08.bmp', 1),
(1301, 415, 28, '20170712\\10-21-50_PT0027\\Images\\SideL/SideL-08.bmp', 1),
(1302, 415, 29, '20170712\\10-21-50_PT0027\\Images\\SideR/SideR-08.bmp', 1),
(1303, 415, 22, '20170712\\10-21-50_PT0027\\Images\\Bottom/Bottom-08.bmp', 1),
(1304, 415, 15, '20170712\\10-21-50_PT0027\\Images\\Front/Front-08.bmp', 1),
(1305, 415, 30, '20170712\\10-21-50_PT0027\\Images\\TopTail/TopTail-08.bmp', 1),
(1306, 415, 24, '20170712\\10-21-50_PT0027\\Images\\FortyFive/FortyFive-08.bmp', 1),
(1307, 416, 27, '20170712\\10-21-50_PT0027\\Images\\TopPZT/TopPZT-09.bmp', 1),
(1308, 416, 25, '20170712\\10-21-50_PT0027\\Images\\TopABS/TopABS-09.bmp', 1),
(1309, 416, 26, '20170712\\10-21-50_PT0027\\Images\\TopAlignment/TopAlignment-09.bmp', 1),
(1310, 416, 28, '20170712\\10-21-50_PT0027\\Images\\SideL/SideL-09.bmp', 1),
(1311, 416, 29, '20170712\\10-21-50_PT0027\\Images\\SideR/SideR-09.bmp', 1),
(1312, 416, 22, '20170712\\10-21-50_PT0027\\Images\\Bottom/Bottom-09.bmp', 1),
(1313, 416, 15, '20170712\\10-21-50_PT0027\\Images\\Front/Front-09.bmp', 1),
(1314, 416, 30, '20170712\\10-21-50_PT0027\\Images\\TopTail/TopTail-09.bmp', 1),
(1315, 416, 24, '20170712\\10-21-50_PT0027\\Images\\FortyFive/FortyFive-09.bmp', 1),
(1316, 417, 27, '20170712\\10-21-50_PT0027\\Images\\TopPZT/TopPZT-10.bmp', 1),
(1317, 417, 25, '20170712\\10-21-50_PT0027\\Images\\TopABS/TopABS-10.bmp', 1),
(1318, 417, 26, '20170712\\10-21-50_PT0027\\Images\\TopAlignment/TopAlignment-10.bmp', 1),
(1319, 417, 28, '20170712\\10-21-50_PT0027\\Images\\SideL/SideL-10.bmp', 1),
(1320, 417, 29, '20170712\\10-21-50_PT0027\\Images\\SideR/SideR-10.bmp', 1),
(1321, 417, 22, '20170712\\10-21-50_PT0027\\Images\\Bottom/Bottom-10.bmp', 1),
(1322, 417, 15, '20170712\\10-21-50_PT0027\\Images\\Front/Front-10.bmp', 1),
(1323, 417, 30, '20170712\\10-21-50_PT0027\\Images\\TopTail/TopTail-10.bmp', 1),
(1324, 417, 24, '20170712\\10-21-50_PT0027\\Images\\FortyFive/FortyFive-10.bmp', 1);

-- --------------------------------------------------------

--
-- Table structure for table `pallets`
--

DROP TABLE IF EXISTS `pallets`;
CREATE TABLE IF NOT EXISTS `pallets` (
  `id` int(11) NOT NULL,
  `palletSN` varchar(20) NOT NULL,
  `palletOrder` int(11) DEFAULT NULL,
  `trayId` int(11) DEFAULT NULL,
  `processdatetime` datetime NOT NULL,
  `processPalletId` int(11) DEFAULT NULL,
  `isCompleted` int(11) NOT NULL DEFAULT '0',
  `created_at` timestamp NOT NULL DEFAULT CURRENT_TIMESTAMP,
  `updated_at` timestamp NOT NULL DEFAULT '0000-00-00 00:00:00' ON UPDATE CURRENT_TIMESTAMP,
  `Product` varchar(20) NOT NULL,
  `LotNumber` varchar(20) NOT NULL,
  `DocControl1` varchar(20) NOT NULL,
  `DocControl2` varchar(20) NOT NULL,
  `Sus` varchar(20) NOT NULL,
  `AssyLine` varchar(20) NOT NULL
) ENGINE=InnoDB AUTO_INCREMENT=44 DEFAULT CHARSET=latin1;

--
-- Dumping data for table `pallets`
--

INSERT INTO `pallets` (`id`, `palletSN`, `palletOrder`, `trayId`, `processdatetime`, `processPalletId`, `isCompleted`, `created_at`, `updated_at`, `Product`, `LotNumber`, `DocControl1`, `DocControl2`, `Sus`, `AssyLine`) VALUES
(1, 'p002', NULL, NULL, '0000-00-00 00:00:00', NULL, 0, '2017-03-07 09:36:19', '2017-03-28 03:10:32', '', '', '', '', '', ''),
(2, 'AT0003', NULL, NULL, '0000-00-00 00:00:00', NULL, 0, '2017-03-07 09:36:28', '2017-03-28 03:10:32', '', '', '', '', '', ''),
(3, 'AT0024', NULL, NULL, '0000-00-00 00:00:00', NULL, 0, '2017-03-07 09:36:36', '2017-03-28 03:10:32', '', '', '', '', '', ''),
(4, 'AT0029', NULL, NULL, '0000-00-00 00:00:00', NULL, 0, '2017-03-07 09:36:50', '2017-03-28 03:10:32', '', '', '', '', '', ''),
(5, 'AT0030', NULL, NULL, '0000-00-00 00:00:00', NULL, 0, '2017-03-08 03:58:20', '2017-03-28 03:10:32', '', '', '', '', '', ''),
(6, 'SP12345', NULL, NULL, '0000-00-00 00:00:00', NULL, 0, '2017-03-08 04:11:49', '2017-03-28 03:10:32', '', '', '', '', '', ''),
(11, 'SP12345', NULL, NULL, '0000-00-00 00:00:00', NULL, 0, '2017-03-08 06:54:51', '2017-03-28 03:10:32', '', '', '', '', '', ''),
(12, 'SP12345', NULL, NULL, '0000-00-00 00:00:00', NULL, 0, '2017-03-08 06:55:21', '2017-03-28 03:10:32', '', '', '', '', '', ''),
(13, 'PT0038', NULL, NULL, '0000-00-00 00:00:00', NULL, 0, '2017-03-20 09:34:11', '2017-03-28 03:10:32', '', '', '', '', '', ''),
(14, 'PT0038', NULL, NULL, '0000-00-00 00:00:00', NULL, 0, '2017-03-20 10:05:19', '2017-03-28 03:10:32', '', '', '', '', '', ''),
(15, 'PT0038', NULL, NULL, '0000-00-00 00:00:00', NULL, 0, '2017-03-20 10:05:42', '2017-03-28 03:10:32', '', '', '', '', '', ''),
(16, 'PT0038', NULL, NULL, '0000-00-00 00:00:00', NULL, 0, '2017-03-20 10:07:01', '2017-03-28 03:10:32', '', '', '', '', '', ''),
(17, 'PT0038', NULL, NULL, '0000-00-00 00:00:00', NULL, 0, '2017-03-20 10:07:32', '2017-03-28 03:10:32', '', '', '', '', '', ''),
(18, 'PT0059', 2, 10, '2017-03-28 13:46:18', NULL, 0, '2017-03-28 07:48:22', '2017-03-28 07:53:38', '', '', '', '', '', ''),
(19, 'PT0060', 1, 10, '2017-03-28 13:46:18', NULL, 0, '2017-03-28 07:48:22', '2017-03-28 07:53:38', '', '', '', '', '', ''),
(20, 'PT0058', NULL, NULL, '2017-04-25 10:00:36', NULL, 0, '2017-05-22 04:42:12', '0000-00-00 00:00:00', '', '', '', '', '', ''),
(21, 'PT0097', NULL, NULL, '2017-04-24 15:55:22', NULL, 0, '2017-05-22 04:43:03', '0000-00-00 00:00:00', '', '', '', '', '', ''),
(22, 'PT0097', NULL, NULL, '2017-04-24 15:55:22', NULL, 0, '2017-05-22 04:44:52', '0000-00-00 00:00:00', '', '', '', '', '', ''),
(23, 'PT0099', 2, 13, '2017-05-22 11:56:43', NULL, 0, '2017-05-22 04:56:52', '2017-05-23 07:10:26', '', '', '', '', '', ''),
(24, 'PT0075', 1, 13, '2017-05-22 11:56:43', NULL, 0, '2017-05-22 04:56:52', '2017-05-23 07:10:26', '', '', '', '', '', ''),
(25, 'PT0004', 2, 12, '2017-05-09 09:59:48', NULL, 0, '2017-05-23 07:08:56', '2017-05-23 07:08:58', '', '', '', '', '', ''),
(26, 'PT0051', 1, NULL, '2017-05-09 09:59:48', NULL, 0, '2017-05-23 07:08:57', '2017-05-23 10:02:53', '', '', '', '', '', ''),
(27, 'PT0070', 1, 12, '2017-05-23 14:35:28', NULL, 0, '2017-05-23 07:35:31', '2017-05-23 10:02:50', '', '', '', '', '', ''),
(28, 'PT0083', NULL, NULL, '2017-05-23 14:35:28', NULL, 0, '2017-05-23 07:35:31', '0000-00-00 00:00:00', '', '', '', '', '', ''),
(29, 'PT9901', 1, 15, '2017-05-24 13:51:29', NULL, 0, '2017-05-24 06:52:33', '2017-05-24 07:10:19', '', '', '', '', '', ''),
(30, 'PT9902', 2, 15, '2017-05-24 13:51:29', NULL, 0, '2017-05-24 06:52:33', '2017-05-24 07:10:19', '', '', '', '', '', ''),
(31, 'PT9903', 1, 14, '2017-05-24 13:51:29', NULL, 0, '2017-05-24 06:52:33', '2017-05-24 07:10:18', '', '', '', '', '', ''),
(32, 'PT9904', 2, 14, '2017-05-24 13:51:29', NULL, 0, '2017-05-24 06:52:33', '2017-05-24 07:10:18', '', '', '', '', '', ''),
(33, 'PT0105', 1, 16, '2017-05-24 13:51:29', NULL, 0, '2017-05-24 06:52:34', '2017-06-15 05:11:55', '', '', '', '', '', ''),
(34, 'PT9906', 2, 16, '2017-05-24 13:51:29', NULL, 0, '2017-05-24 06:52:34', '2017-05-24 07:10:19', '', '', '', '', '', ''),
(35, 'PT0009', 2, 17, '2017-06-07 08:47:33', NULL, 0, '2017-06-07 01:47:51', '2017-07-11 01:12:41', 'PALMER_8_SD', 'WYL47_AB2', '', '', '', ''),
(36, 'PT0092', 1, 17, '2017-06-07 08:47:33', NULL, 0, '2017-06-07 01:47:51', '2017-07-11 01:12:43', 'PALMER_8_SD', 'WYL47_AB2', '', '', '', ''),
(41, 'PT0109', NULL, NULL, '2017-07-18 09:37:08', NULL, 0, '2017-07-18 02:41:14', '0000-00-00 00:00:00', '', '', '', '', '', ''),
(42, 'PT0109', 1, 18, '2017-07-18 09:37:08', NULL, 0, '2017-07-18 02:44:05', '2017-07-18 02:44:31', 'PALMER_8_SD', 'WYL4Q_A2', '70857-E2-SA3', 'N26359NE-R00', 'HTOM2MR', 'B4A2'),
(43, 'PT0027', 2, 18, '2017-07-18 09:37:08', NULL, 0, '2017-07-18 02:44:11', '2017-07-18 02:44:31', 'PALMER_8_SD', 'WYL4Q_A2', '70857-E2-SA3', 'N26359NE-R00', 'HTOM2MR', 'B4A2');

-- --------------------------------------------------------

--
-- Table structure for table `trays`
--

DROP TABLE IF EXISTS `trays`;
CREATE TABLE IF NOT EXISTS `trays` (
  `id` int(11) NOT NULL,
  `traySN` varchar(20) NOT NULL,
  `AQTrayHeader` varchar(2048) NOT NULL,
  `isCompleted` int(11) NOT NULL COMMENT '0: incomplete, 1:complete',
  `created_at` timestamp NOT NULL DEFAULT CURRENT_TIMESTAMP,
  `updated_at` timestamp NOT NULL DEFAULT '0000-00-00 00:00:00' ON UPDATE CURRENT_TIMESTAMP
) ENGINE=InnoDB AUTO_INCREMENT=19 DEFAULT CHARSET=latin1;

--
-- Dumping data for table `trays`
--

INSERT INTO `trays` (`id`, `traySN`, `AQTrayHeader`, `isCompleted`, `created_at`, `updated_at`) VALUES
(1, 'ABCD', '[INFORMATION]\nDATE=12/1/2016\nTIME START=12:47:34 AM\nTIME END=12:47:34 AM\nUSED TIME=00:00\nTESTER NUMBER=VOR001\nCUSTOMER=WD\nPRODUCT=TRAILS_C8_SD\nUSER=\nTRAYID=EZ170966CU\nLOTNUMBER=Y2LFC_AB2\nDOCCONTROL1=PN#70632-15-SBB\nDOCCONTROL2=STR#G24960SN\nSUS=MPT-4G\nASSYLINE=B4A101\n\n[SERIAL]\n', 1, '2017-02-27 09:05:34', '2017-03-21 06:24:17'),
(2, 'EZ170966CU', '[INFORMATION]\r\nDATE=12/1/2016\r\nTIME START=12:47:34 AM\r\nTIME END=12:47:34 AM\r\nUSED TIME=00:00\r\nTESTER NUMBER=VOR001\r\nCUSTOMER=WD\r\nPRODUCT=TRAILS_C8_SD\r\nUSER=\r\nTRAYID=EZ170966CU\r\nLOTNUMBER=Y2LFC_AB2\r\nDOCCONTROL1=PN#70632-15-SBB\r\nDOCCONTROL2=STR#G24960SN\r\nSUS=MPT-4G\r\nASSYLINE=B4A101\r\n\r\n[SERIAL]\r\n', 1, '2017-02-27 09:06:16', '2017-03-21 06:26:15'),
(3, 'EZ170966CU', '[INFORMATION]\r\nDATE=12/1/2016\r\nTIME START=12:47:34 AM\r\nTIME END=12:47:34 AM\r\nUSED TIME=00:00\r\nTESTER NUMBER=VOR001\r\nCUSTOMER=WD\r\nPRODUCT=TRAILS_C8_SD\r\nUSER=\r\nTRAYID=EZ170966CU\r\nLOTNUMBER=Y2LFC_AB2\r\nDOCCONTROL1=PN#70632-15-SBB\r\nDOCCONTROL2=STR#G24960SN\r\nSUS=MPT-4G\r\nASSYLINE=B4A101\r\n\r\n[SERIAL]\r\n', 1, '2017-02-27 09:11:16', '2017-03-21 06:26:15'),
(4, 'EZ170966CU', '[INFORMATION]\r\nDATE=12/1/2016\r\nTIME START=12:47:34 AM\r\nTIME END=12:47:34 AM\r\nUSED TIME=00:00\r\nTESTER NUMBER=VOR001\r\nCUSTOMER=WD\r\nPRODUCT=TRAILS_C8_SD\r\nUSER=\r\nTRAYID=EZ170966CU\r\nLOTNUMBER=Y2LFC_AB2\r\nDOCCONTROL1=PN#70632-15-SBB\r\nDOCCONTROL2=STR#G24960SN\r\nSUS=MPT-4G\r\nASSYLINE=B4A101\r\n\r\n[SERIAL]\r\n', 1, '2017-02-28 02:57:52', '2017-03-22 08:54:01'),
(5, 'EA01622984', '', 0, '2017-03-14 02:58:36', '0000-00-00 00:00:00'),
(6, 'EA01622984', '', 0, '2017-03-14 03:03:03', '0000-00-00 00:00:00'),
(7, 'AW0054198I', '', 0, '2017-03-28 07:51:59', '0000-00-00 00:00:00'),
(8, 'AW0054198I', '', 0, '2017-03-28 07:52:02', '0000-00-00 00:00:00'),
(9, 'AW0054198I', '', 0, '2017-03-28 07:52:05', '0000-00-00 00:00:00'),
(10, 'AW0054198I', '', 1, '2017-03-28 07:53:38', '2017-03-29 04:10:13'),
(11, 'AW0000358D', '', 0, '2017-05-23 07:07:31', '0000-00-00 00:00:00'),
(12, 'AW0000358D', '', 0, '2017-05-23 07:08:58', '0000-00-00 00:00:00'),
(13, 'AW0102993Q', '', 1, '2017-05-23 07:10:26', '2017-06-12 04:59:14'),
(14, 'EB0287955V', '', 0, '2017-05-24 07:10:18', '0000-00-00 00:00:00'),
(15, 'EB0299239J', '', 0, '2017-05-24 07:10:18', '2017-07-18 02:16:59'),
(16, 'EB0251961B', '', 0, '2017-05-24 07:10:19', '2017-07-18 02:17:00'),
(17, 'AW0079824A', '', 0, '2017-06-07 01:48:27', '0000-00-00 00:00:00'),
(18, 'AW0142275H', '', 0, '2017-07-18 02:44:31', '0000-00-00 00:00:00');

-- --------------------------------------------------------

--
-- Stand-in structure for view `trays_hga`
--
DROP VIEW IF EXISTS `trays_hga`;
CREATE TABLE IF NOT EXISTS `trays_hga` (
`palletId` int(11)
,`palletSN` varchar(20)
,`palletOrder` int(11)
,`hgainfoId` int(11)
,`serialNumber` varchar(20)
,`position` int(11)
,`vmiResult` int(11)
,`trayId` int(11)
,`traySN` varchar(20)
,`isCompleted` int(11)
,`created_at` timestamp
,`lotNumber` varchar(20)
);

-- --------------------------------------------------------

--
-- Table structure for table `view`
--

DROP TABLE IF EXISTS `view`;
CREATE TABLE IF NOT EXISTS `view` (
  `id` int(11) NOT NULL,
  `name` varchar(20) NOT NULL,
  `isEnabled` int(11) NOT NULL DEFAULT '1'
) ENGINE=InnoDB AUTO_INCREMENT=31 DEFAULT CHARSET=latin1;

--
-- Dumping data for table `view`
--

INSERT INTO `view` (`id`, `name`, `isEnabled`) VALUES
(1, 'Camera01', 1),
(2, 'Camera02', 1),
(3, 'Camera03', 1),
(4, 'Camera04', 1),
(5, 'Camera05', 1),
(6, 'Camera06', 1),
(7, 'Camera07', 1),
(8, 'Camera08', 1),
(9, 'Camera09', 1),
(10, 'Camera10', 1),
(11, 'Camera11', 1),
(12, 'Top_Alignment', 1),
(13, 'Front_Alignment', 1),
(14, 'Top_ABS', 1),
(15, 'Front', 1),
(16, 'dummyview1', 1),
(17, 'FourtyFiveDegree', 1),
(18, 'Top_PZT', 1),
(19, 'Side_L', 1),
(20, 'Side_R', 1),
(21, 'Baseplate', 1),
(22, 'Bottom', 1),
(23, 'Top_Tail', 1),
(24, 'FortyFive', 1),
(25, 'TopABS', 1),
(26, 'TopAlignment', 1),
(27, 'TopPZT', 1),
(28, 'SideL', 1),
(29, 'SideR', 1),
(30, 'TopTail', 1);

-- --------------------------------------------------------

--
-- Structure for view `trays_hga`
--
DROP TABLE IF EXISTS `trays_hga`;

CREATE ALGORITHM=UNDEFINED DEFINER=`root`@`localhost` SQL SECURITY DEFINER VIEW `trays_hga` AS select `pallets`.`id` AS `palletId`,`pallets`.`palletSN` AS `palletSN`,`pallets`.`palletOrder` AS `palletOrder`,`hgainfo`.`hgainfoId` AS `hgainfoId`,`hgainfo`.`serialNumber` AS `serialNumber`,`hgainfo`.`position` AS `position`,`hgainfo`.`vmiResult` AS `vmiResult`,`trays`.`id` AS `trayId`,`trays`.`traySN` AS `traySN`,`trays`.`isCompleted` AS `isCompleted`,`trays`.`created_at` AS `created_at`,`pallets`.`LotNumber` AS `lotNumber` from ((`hgainfo` join `pallets` on((`pallets`.`id` = `hgainfo`.`palletId`))) join `trays` on((`trays`.`id` = `pallets`.`trayId`))) order by `trays`.`id` desc,`hgainfo`.`hgainfoId`;

--
-- Indexes for dumped tables
--

--
-- Indexes for table `aqtraydata`
--
ALTER TABLE `aqtraydata`
  ADD PRIMARY KEY (`TrayId`),
  ADD KEY `LotNumber` (`LotNumber`);

--
-- Indexes for table `defect`
--
ALTER TABLE `defect`
  ADD PRIMARY KEY (`id`);

--
-- Indexes for table `hgadefect`
--
ALTER TABLE `hgadefect`
  ADD PRIMARY KEY (`id`),
  ADD KEY `HGAInfoId` (`hgainfo_view_id`),
  ADD KEY `defectName` (`defectId`);

--
-- Indexes for table `hgainfo`
--
ALTER TABLE `hgainfo`
  ADD PRIMARY KEY (`hgainfoId`),
  ADD KEY `timestamp_index` (`processdatetime`),
  ADD KEY `PalletId` (`palletId`),
  ADD KEY `Processdatetime` (`processdatetime`),
  ADD KEY `trayId` (`trayId`);

--
-- Indexes for table `hgainfo_view`
--
ALTER TABLE `hgainfo_view`
  ADD PRIMARY KEY (`id`),
  ADD KEY `hgainfoId` (`hgainfoId`,`viewId`),
  ADD KEY `viewId` (`viewId`);

--
-- Indexes for table `pallets`
--
ALTER TABLE `pallets`
  ADD PRIMARY KEY (`id`),
  ADD KEY `palletSN` (`palletSN`);

--
-- Indexes for table `trays`
--
ALTER TABLE `trays`
  ADD PRIMARY KEY (`id`),
  ADD KEY `traySN` (`traySN`);

--
-- Indexes for table `view`
--
ALTER TABLE `view`
  ADD PRIMARY KEY (`id`);

--
-- AUTO_INCREMENT for dumped tables
--

--
-- AUTO_INCREMENT for table `defect`
--
ALTER TABLE `defect`
  MODIFY `id` int(11) NOT NULL AUTO_INCREMENT,AUTO_INCREMENT=62;
--
-- AUTO_INCREMENT for table `hgadefect`
--
ALTER TABLE `hgadefect`
  MODIFY `id` int(11) NOT NULL AUTO_INCREMENT,AUTO_INCREMENT=2858;
--
-- AUTO_INCREMENT for table `hgainfo`
--
ALTER TABLE `hgainfo`
  MODIFY `hgainfoId` int(11) NOT NULL AUTO_INCREMENT,AUTO_INCREMENT=418;
--
-- AUTO_INCREMENT for table `hgainfo_view`
--
ALTER TABLE `hgainfo_view`
  MODIFY `id` int(11) NOT NULL AUTO_INCREMENT,AUTO_INCREMENT=1325;
--
-- AUTO_INCREMENT for table `pallets`
--
ALTER TABLE `pallets`
  MODIFY `id` int(11) NOT NULL AUTO_INCREMENT,AUTO_INCREMENT=44;
--
-- AUTO_INCREMENT for table `trays`
--
ALTER TABLE `trays`
  MODIFY `id` int(11) NOT NULL AUTO_INCREMENT,AUTO_INCREMENT=19;
--
-- AUTO_INCREMENT for table `view`
--
ALTER TABLE `view`
  MODIFY `id` int(11) NOT NULL AUTO_INCREMENT,AUTO_INCREMENT=31;
--
-- Constraints for dumped tables
--

--
-- Constraints for table `hgadefect`
--
ALTER TABLE `hgadefect`
  ADD CONSTRAINT `hgadefect_ibfk_1` FOREIGN KEY (`hgainfo_view_id`) REFERENCES `hgainfo_view` (`id`),
  ADD CONSTRAINT `hgadefect_ibfk_2` FOREIGN KEY (`defectId`) REFERENCES `defect` (`id`);

--
-- Constraints for table `hgainfo`
--
ALTER TABLE `hgainfo`
  ADD CONSTRAINT `hgainfo_ibfk_1` FOREIGN KEY (`trayId`) REFERENCES `trays` (`id`);

--
-- Constraints for table `hgainfo_view`
--
ALTER TABLE `hgainfo_view`
  ADD CONSTRAINT `hgainfo_view_ibfk_1` FOREIGN KEY (`hgainfoId`) REFERENCES `hgainfo` (`hgainfoId`),
  ADD CONSTRAINT `hgainfo_view_ibfk_2` FOREIGN KEY (`viewId`) REFERENCES `view` (`id`);

/*!40101 SET CHARACTER_SET_CLIENT=@OLD_CHARACTER_SET_CLIENT */;
/*!40101 SET CHARACTER_SET_RESULTS=@OLD_CHARACTER_SET_RESULTS */;
/*!40101 SET COLLATION_CONNECTION=@OLD_COLLATION_CONNECTION */;
